,index,TT,Mcl,Tdw,FUV,Bmag,Hamag,Kmag,HImag,W50,HRV,Dist,A26,i,vAmp,<Bmu>,M26,MHI,Vlg,Ti5
0,2,10,Ir   ,L,17.57,16.8,19.91,14.02,15.66,34.0,335.0,8.47,2.78,33.0,21.0,25.2,8.17,7.92,619.0,-1.2
1,3, 9,Im   ,N,12.8,11.03,15.56,9.0,11.19,53.0,-122.0,0.97,3.21,90.0,22.0,24.8,8.27,7.83,-16.0,0.2
2,4,-3,Sph  ,L,23.0,17.0,24.098000000000003,12.49,18.32,131.8,-332.0,1.36,0.63,10.0,66.4,26.2,8.436,6.688,-44.0,0.5
3,5, 9,Im   ,N,16.08,15.15,17.21,12.74,15.28,53.0,726.0,7.7,2.65,78.0,23.0,24.1,8.2,7.99,769.0,-1.2
4,6,10,Ir   ,L,20.28,18.9,24.706,16.29,18.21,16.0,258.0,5.4,0.53,70.0,3.0,24.9,5.64,6.51,486.0,-1.3
5,7,-3,Sph  ,X,21.84,19.0,25.026,14.67,20.131999999999998,131.8,-456.0,0.8,0.2,58.0,66.4,27.0,8.436,5.465999999999999,-182.0,2.4
6,8,10,Ir   ,N,16.59,15.5,24.706,12.84,14.3,60.0,305.0,9.6,4.87,66.0,28.0,25.0,8.65,8.58,587.0,-1.3
7,9,10,Ir   ,L,17.14,15.71,21.43,13.02,15.53,30.0,221.0,3.21,1.15,39.0,14.0,24.8,7.41,7.13,230.0,0.1
8,10, 5,     , ,14.16,12.38,16.03,8.96,13.54,213.0,550.0,9.9,19.98,85.0,95.0,24.5,10.32,8.91,606.0,-0.8
9,11, 8,     , ,12.69,11.55,14.41,9.09,11.98,172.0,465.0,9.2,22.88,47.0,103.0,24.6,10.45,9.47,528.0,-0.8
10,12, 8,     , ,10.29,8.84,11.66,6.25,8.84,169.0,129.0,2.13,21.71,84.0,74.0,24.6,10.15,9.45,111.0,0.1
11,13,-3,dEem ,N,16.25,12.97,17.26,10.1,15.94,50.0,361.0,5.3,3.52,90.0,21.0,23.3,8.25,7.4,431.0,-0.4
12,14,10,Tr   ,N,18.41,14.9,25.92,12.5,17.48,23.0,36.0,1.92,0.91,45.0,4.0,24.5,6.13,5.91,53.0,0.2
13,15,-3,Sph  ,X,23.0,16.8,25.256000000000004,12.45,19.22,55.2,-111.0,0.93,1.81,41.0,37.0,29.3,8.104,5.840000000000001,157.0,1.9
14,16,10,Ir   ,N,22.86,11.78,12.38,6.51,9.94,62.0,-346.0,0.66,2.85,33.0,49.0,22.6,8.9,8.0,-62.0,1.6
15,17,-3,Sph  ,X,23.0,18.4,25.136000000000003,13.88,19.0,158.4,-261.0,0.76,0.4,52.0,78.0,27.9,8.848,5.97,21.0,2.9
16,18,-3,Sph  ,L,22.75,17.73,25.92,13.57,21.5,17.4,399.2,4.21,1.15,48.0,3.0,26.2,6.025999999999999,4.98,377.2,1.1
17,19,-1,Tr   ,L,23.0,14.4,22.12,10.19,19.84,33.2,-87.0,0.78,1.1,55.0,16.8,26.3,6.953999999999999,4.18,26.0,0.5
18,20,10,Tr   ,N,18.06,15.53,21.05,14.08,18.56,23.0,107.0,1.92,0.84,58.0,3.0,25.0,5.93,5.48,71.0,0.5
19,21,10,Ir   ,N,17.57,15.64,19.67,12.99,15.78,36.0,187.0,6.73,2.21,60.0,15.0,24.2,7.76,7.68,463.0,-1.4
20,22,-3,Sph  ,X,23.0,15.9,25.136000000000003,11.42,19.08,55.2,-108.0,0.81,1.27,52.0,37.0,27.8,8.104,5.9079999999999995,170.0,2.9
21,23,10,Ir   ,N,16.92,16.38,19.06,13.96,15.37,48.0,530.0,9.9,4.44,63.0,22.0,25.9,8.4,8.18,584.0,-0.8
22,24,-3,Sph  ,N,23.0,10.36,24.43,7.2,20.87,60.2,-193.0,0.76,3.63,70.0,28.8,24.3,7.702000000000001,3.74,85.0,2.8
23,25,-3,Sph  ,L,23.0,15.2,23.76,11.01,16.33,131.8,-346.0,0.75,0.79,90.0,66.4,26.5,8.436,5.55,-82.0,3.2
24,27,-2,Sph  ,X,21.19,17.7,24.236,13.31,16.34,158.4,-251.0,0.74,0.44,43.0,78.0,27.6,8.848,5.54,22.0,3.6
25,28,-3,Sph  ,X,23.0,17.6,24.706,13.19,18.959999999999997,131.8,-535.0,0.83,0.73,71.0,66.4,28.3,8.436,6.138,-261.0,3.1
26,29,-3,dE   ,N,22.7,9.99,20.17,6.56,17.23,36.0,-203.0,0.61,2.76,39.0,21.0,23.8,8.14,5.02,73.0,2.0
27,30,-2,dE   ,N,14.99,8.72,27.87,5.59,16.41,42.0,-221.0,0.82,4.92,64.0,18.0,23.6,8.28,5.6,47.0,3.6
28,31,10,Ir   ,L,17.89,17.18,21.06,14.54,14.02,90.0,237.0,6.31,1.93,45.0,56.0,25.6,8.84,8.32,503.0,-1.4
29,32,-2,dEem ,H,16.27,8.89,23.24,5.1,14.27,60.2,-202.0,0.49,1.33,53.0,28.8,22.1,7.702000000000001,6.0,64.0,1.5
30,33, 3,     , ,22.424,4.29,13.81,0.99,5.95,510.0,-296.0,0.77,43.45,78.0,249.0,23.1,11.5,9.73,-29.0,1.8
31,34,10,Ir   ,N,16.69,14.9,19.26,12.48,15.47,37.0,359.0,4.92,3.12,90.0,14.0,25.2,7.82,7.53,409.0,0.1
32,35,-3,Sph  ,L,22.11,13.9,24.61,9.59,16.32,131.8,-376.0,0.73,0.65,48.0,66.4,24.7,8.436,5.53,-116.0,3.4
33,36,-3,Sph  ,X,21.23,18.5,24.642000000000003,14.08,16.33,131.8,-419.0,0.73,0.26,39.0,66.4,27.2,8.436,5.53,-167.0,2.7
34,37, 7,     , ,11.53,9.86,13.16,7.43,10.74,207.0,161.0,3.65,25.91,74.0,96.0,24.9,10.44,9.16,216.0,1.2
35,38,-3,Sph  ,X,23.0,18.7,24.642000000000003,14.15,16.33,131.8,-556.0,0.83,0.53,31.0,66.4,28.5,8.436,5.64,-303.0,2.6
36,39, 5,     , ,11.31,7.92,11.84,3.77,10.94,407.0,243.0,3.94,40.83,85.0,192.0,23.1,11.24,9.15,276.0,-0.3
37,40,10,Tr   ,L,19.47,16.37,25.92,13.93,18.61,26.0,224.0,3.4,1.24,26.0,11.0,25.4,7.24,5.95,290.0,0.7
38,41,10,Ir   ,N,16.91,15.3,20.55,13.26,15.86,19.0,292.0,3.34,2.18,90.0,3.0,25.6,6.2,7.04,344.0,0.7
39,42,10,Ir   ,L,19.7,16.44,24.1,14.01,18.55,17.0,228.0,3.42,1.53,26.0,6.0,25.9,6.78,5.98,285.0,0.9
40,43,-3,dE   ,H,21.9,16.28,24.642000000000003,13.31,18.2,131.8,-312.0,0.63,0.04,33.0,66.4,21.3,8.436,6.144,-64.0,2.1
41,44,-3,Sph  ,X,23.0,16.9,24.954,12.56,16.34,131.8,-481.0,0.73,0.61,60.0,66.4,27.6,8.436,5.53,-240.0,2.2
42,45,-3,Sph  ,X,23.0,18.2,25.136000000000003,13.78,16.33,60.2,-195.0,0.84,0.35,52.0,28.8,27.3,7.702000000000001,5.65,53.0,2.4
43,46, 9,Im   ,N,22.7,2.7,7.97,0.16,3.2,90.0,158.0,0.06,7.09,58.0,46.0,24.1,9.25,8.65,-22.0,3.6
44,47,-3,Sph  ,X,22.62,16.7,25.63,12.3,16.32,60.2,-216.0,0.79,1.0,52.0,28.8,28.2,7.702000000000001,5.6,48.0,4.0
45,48, 7,     , ,10.34,8.95,13.66,6.38,9.12,147.0,146.0,2.15,16.05,45.0,90.0,24.4,10.18,9.35,116.0,0.2
46,49,-3,Sph  ,L,20.63,15.7,24.642000000000003,11.33,16.34,131.8,-385.0,0.52,0.29,31.0,66.4,25.5,8.436,5.24,-143.0,1.6
47,50,-3,Sph  ,X,22.09,10.05,24.802,5.9,12.12,75.2,105.0,0.09,1.04,60.0,33.6,26.6,8.318000000000001,5.39,91.0,2.8
48,51,10,Tr   ,L,19.46,15.0,26.11,12.49,17.35,18.0,-286.0,0.65,0.46,64.0,3.0,25.4,5.62,5.02,-74.0,1.5
49,52,10,Ir   ,N,11.64,9.88,14.86,7.43,10.71,27.0,-232.0,0.73,4.11,29.0,13.0,24.8,7.88,7.77,-89.0,0.8
50,53,-3,Sph  ,X,23.0,16.7,21.9,12.1,16.34,34.6,-164.0,0.63,0.45,79.0,13.4,26.7,7.2219999999999995,5.4,95.0,2.2
51,54, 9,BCD  ,N,16.51,14.22,17.97,11.64,14.75,64.0,156.0,4.51,3.28,51.0,36.0,24.6,8.69,7.74,351.0,-1.1
52,55,10,Ir   ,L,23.089999999999996,17.1,19.63,13.63,16.8,37.0,61.0,4.27,1.38,60.0,16.0,24.7,7.6,6.87,326.0,-0.6
53,56,10,Ir   ,N,17.37,16.26,19.23,13.86,16.45,38.0,645.0,8.2,1.71,66.0,15.0,24.1,7.68,7.58,605.0,-1.4
54,57,-1,S0em ,N,15.42,11.21,15.08,7.53,13.43,79.0,-50.0,3.05,3.25,20.0,100.0,22.4,9.58,7.93,193.0,-0.4
55,58,-3,Sph  ,L,22.554,15.92,24.41,11.33,16.34,131.8,-403.0,0.81,0.66,43.0,66.4,26.2,8.436,5.62,-143.0,2.6
56,59,-3,Sph  ,L,22.56,15.9,24.642000000000003,11.62,16.32,131.8,-323.0,0.76,0.44,39.0,66.4,25.8,8.436,5.56,-79.0,2.9
57,60,-3,Sph  ,L,21.67,15.1,24.59,10.75,16.31,60.2,-194.0,0.65,0.57,45.0,28.8,25.9,7.701999999999998,5.44,40.0,2.1
58,61,-3,Sph  ,X,23.092000000000002,17.2,25.136000000000003,12.78,19.0,50.6,-128.0,0.6,0.63,52.0,22.0,28.3,7.869999999999999,5.970000000000001,127.0,1.9
59,62,-3,Sph  ,X,22.43,18.8,24.386000000000003,14.4,18.58,47.4,-127.0,0.79,0.35,90.0,19.6,28.0,7.49,5.976000000000001,87.0,2.3
60,63, 9,Im   ,N,17.24,14.81,18.17,12.0,16.05,42.0,595.0,7.3,2.24,54.0,20.0,23.2,8.03,7.64,774.0,1.1
61,64,-3,Sph  ,X,22.746000000000002,15.1,24.706,10.74,18.88,154.8,-243.0,0.73,1.65,71.0,74.4,27.9,8.344,6.1579999999999995,-6.0,2.5
62,65, 9,BCD  ,N,16.12,14.48,18.25,11.81,15.17,83.0,688.0,7.55,4.06,62.0,41.0,24.2,8.9,8.02,869.0,0.5
63,66, 5,     , ,8.21,6.27,12.2,4.1,7.17,181.0,-182.0,0.85,17.38,54.0,99.0,23.7,10.29,9.32,34.0,1.7
64,67,10,Ir   ,N,23.0,17.0,20.82,13.73,17.11,28.0,60.0,3.73,1.29,62.0,8.0,24.5,6.98,6.63,313.0,-0.1
65,68, 8,     , ,13.9,11.59,14.69,8.9,13.85,75.0,395.0,3.89,7.73,76.0,34.0,24.3,9.01,7.97,325.0,-0.2
66,69, 5,     , ,12.24,9.79,13.63,6.85,11.54,53.0,657.0,7.31,25.4,20.0,64.0,23.5,10.08,9.44,827.0,-0.2
67,70,10,Ir   ,N,18.77,15.71,22.97,13.13,15.02,25.0,738.0,7.38,2.91,26.0,8.0,24.8,7.39,8.06,906.0,2.2
68,71,10,Ir   ,L,15.97,14.37,17.66,11.76,13.97,35.0,631.0,9.04,12.64,44.0,18.0,26.1,8.68,8.66,798.0,-1.2
69,72,10,Ir   ,L,21.08,17.8,23.38,15.2,17.88,26.0,274.0,6.52,1.18,67.0,5.0,25.1,6.58,6.81,476.0,-0.5
70,73,10,Ir   ,N,19.01,16.57,20.78,13.86,17.12,31.0,357.0,7.2,1.58,65.0,11.0,24.2,7.33,7.2,556.0,1.0
71,74,10,Ir   ,L,19.78,16.28,20.02,13.64,16.02,32.0,789.0,7.87,3.49,55.0,13.0,25.5,7.81,7.72,953.0,0.0
72,75,10,Ir   ,L,19.14,17.47,21.97,14.84,16.22,28.0,420.0,7.2,1.71,90.0,7.0,25.4,6.95,7.56,619.0,2.1
73,76, 9,Im   ,N,13.77,12.7,16.18,10.26,12.62,60.0,393.0,4.43,4.95,30.0,51.0,24.2,9.18,8.58,307.0,-0.5
74,77,10,Ir   ,L,19.88,18.22,22.66,15.54,17.5,22.0,366.0,7.2,1.28,90.0,3.0,25.4,5.97,7.05,563.0,2.2
75,78, 8,     , ,14.1,12.07,16.2,8.97,12.94,129.0,336.0,7.2,14.97,70.0,60.0,24.4,9.79,8.87,533.0,4.0
76,79, 6,     , ,13.86,11.31,15.25,8.51,12.05,205.0,429.0,7.2,15.68,71.0,96.0,23.5,10.22,9.23,626.0,3.8
77,80, 7,     , ,15.47,12.87,17.52,10.5,13.75,123.0,157.0,4.94,7.88,85.0,54.0,24.7,9.42,8.22,367.0,-0.9
78,81,10,Tr   ,L,16.37,13.72,24.642000000000003,11.31,16.0,109.2,-52.0,0.44,0.71,35.0,8.2,26.0,6.709999999999999,5.22,-145.0,0.8
79,82,10,Ir   ,N,18.75,16.3,21.3,13.68,17.42,24.0,207.0,5.47,2.15,90.0,3.0,25.3,6.19,6.84,400.0,-1.1
80,83,10,Ir   ,L,19.69,17.2,21.27,14.24,17.44,20.0,168.0,4.9,1.46,72.0,3.0,25.6,6.07,6.74,360.0,1.1
81,84, 8,     , ,14.42,12.22,16.24,10.29,13.16,88.0,193.0,4.97,9.52,79.0,39.0,24.7,9.23,8.46,385.0,-0.4
82,85, 9,BCD  ,N,17.19,14.51,23.292,11.83,16.04,39.0,606.0,7.2,5.28,34.0,26.0,24.8,8.63,7.63,782.0,-0.3
83,86,10,Ir   ,N,22.618000000000002,15.29,17.16,9.34,13.15,50.0,35.0,3.3,5.39,45.0,29.0,23.3,8.73,8.11,284.0,0.7
84,87,-2,Tr   ,N,23.0,17.0,24.29,12.52,18.2,33.6,480.2,4.19,1.05,72.0,10.4,24.9,6.872,6.3,315.0,-0.8
85,88, 0,dS0em,N,16.52,13.3,16.7,9.83,14.64,94.0,591.0,9.73,8.91,85.0,41.0,24.1,9.24,8.45,770.0,-0.7
86,89,-3,Sph  ,X,21.01,16.2,24.642000000000003,11.36,19.220000000000002,126.4,-39.0,0.03,0.07,39.0,69.6,28.2,8.358,5.840000000000001,112.0,3.8
87,90, 3,     , ,15.15,10.71,15.56,5.94,11.68,456.0,526.0,9.77,37.89,82.0,218.0,23.7,11.32,9.64,736.0,-0.5
88,91,10,Ir   ,N,23.124000000000002,16.2,19.11,11.74,14.06,84.0,296.0,3.0,2.24,68.0,40.0,24.7,8.61,7.66,528.0,1.7
89,92,-3,Tr   ,L,23.0,16.0,22.631999999999998,10.83,18.2,32.2,207.2,4.1,3.01,90.0,13.2,26.4,7.2540000000000004,6.28,246.2,-0.6
90,93,10,Ir   ,L,16.62,15.8,18.19,13.14,14.87,87.0,577.0,9.3,6.1,46.0,53.0,25.9,9.3,8.32,771.0,0.5
91,94,10,Ir   ,X,22.946000000000005,17.5,25.32,14.86,15.67,40.0,520.0,9.3,4.8,26.0,36.0,27.1,8.85,8.0,705.0,3.7
92,95, 7,     , ,12.72,10.58,14.11,7.87,11.73,203.0,553.0,9.29,33.32,57.0,107.0,24.1,10.65,9.58,738.0,1.0
93,96,10,Ir   ,L,19.99,18.0,24.236,15.35,17.87,28.0,528.0,9.3,1.23,47.0,10.0,24.6,7.12,7.12,714.0,2.8
94,97,10,Ir   ,L,21.002,17.8,19.13,11.79,15.13,48.0,70.0,3.0,2.97,90.0,20.0,25.7,8.14,7.23,303.0,2.1
95,98,10,Ir   ,N,18.3,15.65,19.64,13.11,15.54,52.0,570.0,9.3,4.69,90.0,22.0,25.3,8.41,8.05,765.0,0.4
96,99, 8,     , ,15.9,13.96,17.5,10.98,14.65,36.0,604.0,9.3,7.57,23.0,33.0,24.4,8.97,8.41,785.0,1.2
97,100, 8,     , ,22.616,13.68,18.42,10.86,13.97,48.0,581.0,9.8,7.8,36.0,33.0,24.3,9.0,8.73,780.0,1.0
98,101,10,Ir   ,L,21.002,17.8,19.79,10.46,15.05,50.0,190.0,3.0,2.25,87.0,21.0,24.3,8.04,7.27,421.0,4.6
99,102,-3,     , ,22.7,13.47,21.4,5.55,19.159999999999997,66.4,66.0,3.01,10.48,39.0,29.4,22.4,7.892,5.954,298.0,2.6
100,103, 7,     , ,14.83,13.34,16.63,9.97,12.91,121.0,515.0,4.99,9.95,90.0,53.0,25.8,9.5,8.56,339.0,-1.0
101,104,-3,Sph  ,L,20.68,9.28,25.026000000000003,5.13,13.58,102.2,29.0,0.14,0.72,58.0,4.4,24.1,6.152,5.19,-56.0,2.2
102,105, 4,     , ,22.54,14.77,17.32,4.5,11.12,306.0,-15.0,2.8,14.28,63.0,159.0,22.0,10.62,8.78,214.0,2.4
103,106,10,Ir   ,N,22.574,14.6,25.146000000000004,12.37,15.99,60.0,565.0,9.3,4.13,61.0,29.0,23.7,8.62,7.87,765.0,0.4
104,107, 9,BCD  ,N,22.748,17.08,19.27,14.25,16.62,29.0,472.0,8.56,2.32,67.0,9.0,25.0,7.3,7.55,625.0,-0.8
105,108,10,Ir   ,N,21.145999999999997,17.97,20.16,10.22,13.2,100.0,94.0,3.0,2.55,90.0,44.0,23.8,8.75,8.01,316.0,2.9
106,109,10,Ir   ,N,21.145999999999997,19.38,24.39,10.93,13.77,15.0,59.0,3.0,4.47,90.0,3.0,25.9,6.51,7.78,281.0,3.1
107,110, 8,     , ,13.93,12.71,16.14,9.81,11.83,122.0,574.0,5.55,12.72,83.0,53.0,25.5,9.62,9.09,408.0,-1.1
108,111, 3,     , ,23.142000000000003,15.01,17.3,5.17,11.72,187.0,112.0,2.8,6.3,52.0,105.0,21.5,9.91,8.54,333.0,2.7
109,112,10,Ir   ,N,17.8,16.44,24.386000000000003,14.01,16.61,55.0,630.0,6.56,2.01,90.0,23.0,25.1,8.1,7.32,479.0,-1.0
110,113, 8,     , ,14.5,12.32,15.01,9.55,13.23,68.0,373.0,7.8,9.21,32.0,55.0,23.0,9.51,8.82,507.0,-0.3
111,114,10,Ir   ,N,22.57,18.1,21.73,14.5,19.8,19.0,308.0,7.8,1.05,33.0,5.0,23.7,6.41,6.2,443.0,1.6
112,115,10,Ir   ,N,18.43,16.7,20.69,13.56,16.39,34.0,216.0,4.43,1.07,65.0,13.0,24.1,7.33,7.07,374.0,-0.9
113,116, 8,     , ,15.03,13.06,17.43,10.0,14.15,130.0,955.0,9.8,19.96,60.0,66.0,25.7,10.0,8.65,824.0,0.0
114,117,10,Ir   ,N,17.44,15.57,20.51,13.15,15.9,37.0,710.0,8.8,3.72,50.0,18.0,24.9,8.12,7.86,583.0,1.7
115,118, 1,     , ,14.31,9.42,14.58,5.66,13.1,40.0,838.0,8.8,37.35,25.0,37.0,23.8,9.77,8.98,702.0,-0.8
116,119, 7,     , ,11.49,9.66,12.98,7.57,10.77,167.0,470.0,4.07,16.37,37.0,120.0,23.4,10.44,9.24,264.0,-0.7
117,120, 8,     , ,15.02,13.4,16.46,10.92,14.44,82.0,571.0,5.2,6.83,78.0,36.0,25.2,9.02,7.99,399.0,-0.9
118,121,10,Ir   ,N,17.83,16.29,20.28,13.46,15.1,79.0,350.0,6.49,4.07,72.0,36.0,26.0,8.79,7.92,438.0,-0.1
119,122,10,Ir   ,L,19.88,16.5,24.386000000000003,13.85,19.15,10.0,533.0,3.98,1.4,90.0,3.0,25.2,6.01,5.87,327.0,1.6
120,123, 8,     , ,17.07,14.64,18.81,11.5,15.67,44.0,381.0,6.4,3.28,57.0,21.0,23.9,8.21,7.68,467.0,-0.8
121,124, 9,Im   ,N,22.026,15.0,15.94,9.77,13.93,81.0,216.0,5.4,3.16,47.0,48.0,22.7,8.94,8.23,395.0,-1.1
122,125, 8,     , ,14.47,13.2,16.39,11.04,13.83,128.0,640.0,6.05,6.84,79.0,57.0,24.5,9.41,8.36,465.0,-1.1
123,126,10,Ir   ,N,17.61,16.13,24.236,13.73,17.4,59.0,744.0,7.98,1.43,41.0,28.8,23.7,8.117999999999999,7.18,582.0,-0.2
124,127,-3,     , ,17.5,11.92,22.61,7.81,16.996000000000002,102.8,569.0,24.5,26.71,36.0,64.2,23.1,8.868,7.446000000000001,496.0,-1.8
125,128,10,Tr   ,L,23.0,18.0,22.509999999999998,14.13,17.4,25.8,132.0,3.5,1.49,70.0,3.0,25.8,5.882,6.46,248.8,1.2
126,129,10,Ir   ,N,19.07,15.7,16.69,11.06,18.652,57.2,-66.0,3.16,3.91,54.0,25.2,25.0,7.802,6.06,149.0,2.4
127,130, 6,     , ,12.81,9.37,13.68,4.57,8.01,181.0,29.0,3.28,34.25,25.0,189.0,23.3,11.15,10.16,244.0,0.5
128,131,10,Ir   ,N,18.72,15.76,19.84,12.17,15.76,41.0,292.0,5.83,2.23,62.0,18.0,23.6,7.93,7.56,344.0,-1.6
129,132, 8,     , ,22.990000000000002,13.5,16.21,8.17,18.720000000000002,48.4,72.0,2.96,9.14,47.0,22.2,23.2,7.506,6.056,280.0,1.3
130,133, 7,     , ,17.16,14.98,23.945999999999998,12.0,18.38,121.8,712.0,19.2,11.14,79.0,64.4,25.1,9.318000000000001,6.537999999999999,505.0,1.9
131,134, 1,     , ,16.96,11.79,16.06,7.63,12.87,250.0,785.0,19.4,20.17,37.0,186.0,23.0,10.91,9.76,577.0,0.3
132,135, 9,BCD  ,N,16.21,14.06,17.84,10.84,16.11,74.0,898.0,7.4,3.49,68.0,34.0,23.5,8.68,7.63,780.0,-1.3
133,136,10,Ir   ,L,20.08,14.84,19.35,11.64,13.25,38.0,-54.0,3.93,5.07,65.0,16.0,25.8,8.18,8.22,156.0,0.2
134,137,10,Ir   ,N,14.36,14.45,24.706,12.66,15.64,73.0,945.0,9.1,3.75,75.0,33.0,23.7,8.68,7.99,798.0,-1.1
135,138, 8,     , ,15.6,11.79,12.84,7.5,12.59,101.0,-86.0,3.06,5.77,60.0,51.0,22.0,9.23,8.27,106.0,1.1
136,139,10,Ir   ,L,22.662,15.22,17.11,11.0,12.79,56.0,-95.0,3.01,3.56,72.0,25.0,23.5,8.41,8.17,93.0,1.7
137,140, 7,     , ,14.73,12.11,15.35,9.26,10.94,119.0,-36.0,3.45,10.84,90.0,52.0,24.8,9.53,9.03,170.0,1.0
138,141, 6,     , ,23.0,11.47,15.01,7.98,13.14,188.0,713.0,9.29,12.12,39.0,133.0,23.1,10.4,9.01,646.0,-1.7
139,142,10,Ir   ,L,22.746000000000002,16.71,20.27,13.36,15.74,21.0,78.0,3.34,1.71,72.0,3.0,25.6,6.14,7.08,267.0,1.0
140,143, 9,BCD  ,N,13.4,12.77,15.11,10.52,14.46,111.0,628.0,5.11,3.31,48.0,65.0,23.0,9.21,7.96,401.0,-1.4
141,144,10,Ir   ,N,22.786,14.46,18.69,12.06,14.8,58.0,657.0,7.2,2.88,70.0,26.0,23.7,8.36,8.13,448.0,-1.2
142,145, 7,     , ,13.34,11.71,15.53,9.78,12.45,195.0,741.0,10.0,20.41,58.0,101.0,24.1,10.38,9.35,574.0,0.1
143,146, 9,BCD  ,N,15.55,14.37,17.58,11.43,14.65,65.0,831.0,10.0,4.49,46.0,39.0,23.8,8.9,8.47,664.0,0.8
144,147, 9,BCD  ,N,14.73,13.13,16.49,10.21,15.02,66.0,814.0,8.0,4.59,67.0,31.0,23.2,8.7,8.13,625.0,-1.2
145,148, 8,     , ,15.11,12.14,15.32,8.2,11.87,121.0,113.0,3.15,6.62,51.0,68.0,23.6,9.55,8.58,281.0,0.6
146,149, 9,Im   ,N,23.0,0.91,3.79,-1.75,2.69,65.0,278.0,0.05,10.06,35.0,48.0,23.4,9.44,8.66,28.0,3.6
147,150, 8,     , ,23.0,13.95,16.22,10.73,13.81,158.0,519.0,7.14,13.06,39.0,109.0,25.9,10.26,8.52,444.0,-1.6
148,151, 9,BCD  ,N,15.48,14.6,16.16,12.0,16.32,62.0,541.0,5.07,1.7,51.0,35.0,23.4,8.37,7.21,370.0,-1.6
149,152, 9,BCD  ,N,22.678,16.1,16.68,10.39,15.06,55.0,455.0,5.15,2.89,51.0,30.0,23.7,8.48,7.73,376.0,-1.6
150,153, 8,     , ,22.574,15.4,17.35,10.9,12.54,118.0,368.0,6.46,11.17,62.0,58.0,24.6,9.64,8.94,280.0,-1.7
151,154,10,Ir   ,N,21.002,18.4,21.15,13.72,16.28,50.0,428.0,5.5,1.94,90.0,21.0,24.9,7.99,7.3,340.0,-1.2
152,155,10,Ir   ,L,22.12,17.1,22.47,13.76,17.26,22.0,106.0,4.61,1.55,66.0,3.0,25.0,6.13,6.76,295.0,-0.3
153,156, 9,Im   ,N,22.678,13.67,17.13,10.27,14.29,76.0,787.0,7.59,8.06,51.0,43.0,24.9,9.23,8.38,554.0,0.1
154,157, 9,BCD  ,N,22.854,14.09,18.01,11.5,14.94,127.0,765.0,7.4,2.24,55.0,68.0,22.6,9.07,8.09,529.0,1.6
155,158, 8,     , ,22.662,12.14,15.66,9.5,13.66,112.0,745.0,7.4,9.82,78.0,50.0,23.8,9.45,8.61,508.0,0.9
156,159,10,Ir   ,N,17.02,15.27,24.006,12.76,14.9,47.0,587.0,6.05,1.68,51.0,25.0,23.6,8.08,7.94,319.0,-0.1
157,160,10,Ir   ,N,18.45,17.01,23.902,14.5,16.32,36.0,554.0,6.0,0.71,41.0,20.0,23.5,7.5,7.36,286.0,0.6
158,161,10,Ir   ,L,17.528,16.9,20.45,11.32,15.91,55.4,542.2,8.5,3.51,90.0,22.8,22.8,8.226,7.812,444.6,3.9
159,162, 6,     , ,22.424,14.1,15.53,8.31,12.14,300.0,732.0,8.5,27.0,77.0,141.0,23.5,10.8,9.34,562.0,2.7
160,163, 8,     , ,22.676,14.63,18.53,9.51,13.11,156.0,759.0,8.4,7.17,59.0,79.0,22.8,9.72,8.94,591.0,1.5
161,164,10,Ir   ,N,22.874000000000002,15.7,24.706,13.09,16.42,24.0,492.0,4.99,1.09,72.0,3.0,23.4,5.94,7.16,263.0,-1.6
162,165,10,Ir   ,N,22.990000000000002,17.084,24.6,12.693999999999999,15.68,33.0,367.0,3.55,1.8219999999999998,71.2,24.2,25.76,7.768000000000001,7.16,259.0,-1.3
163,166, 6,     , ,22.418,15.2,18.43,12.52,14.21,170.0,487.0,20.0,14.07,57.0,89.0,24.8,10.11,9.25,525.0,-2.5
164,167,10,Ir   ,N,21.145999999999997,15.98,18.22,12.7,14.68,83.0,469.0,7.01,3.59,90.0,36.0,24.8,8.74,8.15,477.0,-1.6
165,168,10,Ir   ,N,22.026000000000003,14.01,17.26,12.0,15.09,39.0,505.0,4.23,2.22,46.0,21.0,23.6,8.05,7.55,269.0,-1.5
166,169, 8,     , ,22.122,13.7,18.04,10.0,14.23,195.0,746.0,10.8,13.13,65.0,95.0,23.7,10.14,8.71,542.0,-1.0
167,170,10,Ir   ,N,17.99,16.7,24.386000000000003,13.89,16.0,60.0,451.0,15.5,5.42,90.0,26.0,25.2,8.62,8.31,530.0,-1.6
168,171,10,Ir   ,N,22.874,16.05,25.178,13.4,15.59,50.0,824.0,7.65,1.66,58.0,24.0,23.7,8.06,7.86,559.0,-1.4
169,172,-3,Sph  ,X,21.41,11.3,24.738,6.95,20.04,61.8,224.0,0.1,0.76,62.0,34.0,26.8,8.392,2.32,-52.0,2.8
170,173, 8,     , ,21.726,15.17,17.67,10.81,14.85,107.0,789.0,9.9,7.59,81.0,47.0,24.0,9.29,8.38,572.0,1.6
171,174, 6,     , ,23.148,12.93,15.08,8.83,12.24,179.0,841.0,10.0,14.96,41.0,119.0,23.3,10.39,9.44,622.0,1.4
172,175, 9,BCD  ,N,22.491999999999997,16.4,19.6,11.66,14.24,182.0,693.0,10.0,2.17,52.0,102.0,22.3,9.42,8.64,474.0,2.5
173,176,10,Ir   ,N,18.99,16.4,21.26,13.75,16.74,111.0,11.0,3.39,1.2,55.0,56.4,25.1,9.03,6.7,214.0,0.3
174,177,10,Ir   ,L,22.86,17.4,23.562,14.68,15.41,58.0,451.0,19.3,8.24,68.0,27.0,26.5,8.83,8.74,518.0,-2.1
175,178, 8,     , ,17.63,16.18,20.15,13.22,15.69,82.0,398.0,7.24,4.19,70.0,38.0,25.9,8.84,7.78,421.0,-1.4
176,179,10,Ir   ,N,23.140000000000004,18.0,24.93,11.39,13.83,70.0,298.0,1.67,0.66,62.0,34.0,22.6,7.96,7.25,118.0,-0.7
177,180,10,Ir   ,L,23.128,14.95,18.03,12.13,13.6,66.0,564.0,4.9,3.01,76.0,29.0,24.7,8.48,8.27,279.0,-1.3
178,182, 8,     , ,22.543999999999997,14.43,18.42,10.2,15.27,125.0,731.0,8.4,6.2,57.0,65.0,23.3,9.48,8.07,489.0,-1.0
179,183,10,Ir   ,N,17.56,15.41,18.93,12.68,15.47,38.0,421.0,7.24,2.66,62.0,16.0,24.1,7.91,7.86,464.0,-1.1
180,184, 9,Im   ,N,15.18,13.48,16.0,10.34,13.8,147.0,433.0,7.87,6.77,47.0,88.0,24.0,9.78,8.6,476.0,-1.3
181,185,10,Ir   ,N,16.38,14.07,17.96,11.66,14.56,34.0,311.0,7.41,4.27,63.0,13.0,23.8,7.95,8.25,186.0,-1.7
182,186,10,Ir   ,L,17.89,15.96,19.19,11.89,15.06,35.0,437.0,8.55,4.62,72.0,13.0,25.5,7.97,8.17,478.0,-1.1
183,187, 7,     , ,22.422,16.9,24.706,8.5,13.41,136.0,800.0,7.43,10.56,66.0,65.0,22.7,9.71,8.71,542.0,-0.1
184,188,10,Ir   ,N,16.8,15.12,18.79,13.07,14.99,36.0,353.0,5.73,2.45,53.0,17.0,24.3,7.9,7.85,370.0,-1.2
185,189,10,Ir   ,N,12.74,11.68,13.89,9.14,11.83,99.0,96.0,3.19,6.68,90.0,43.0,24.4,9.16,8.61,251.0,1.1
186,190, 8,     , ,22.766000000000002,19.0,25.178000000000004,9.0,12.56,268.0,779.0,7.2,35.87,61.0,139.0,25.5,10.91,9.02,525.0,0.1
187,191, 9,Im   ,N,22.616,13.98,17.89,11.25,14.17,85.0,530.0,4.57,3.23,40.0,57.0,23.9,9.09,7.98,247.0,-1.1
188,192,-3,Sph  ,L,22.52,15.64,24.41,11.37,18.3,72.6,213.0,3.19,2.72,62.0,35.6,26.4,8.654,6.02,356.0,2.3
189,193,10,Ir   ,N,23.084,17.9,25.146,15.39,18.05,21.0,356.0,6.1,0.72,60.0,3.0,24.4,5.85,6.68,217.0,-1.6
190,194, 9,BCD  ,N,22.71,18.4,25.146000000000004,10.82,15.35,56.0,786.0,7.35,2.88,62.0,27.0,22.0,8.38,7.92,537.0,0.0
191,195, 6,     , ,10.66,8.8,11.99,6.19,10.19,240.0,125.0,3.18,26.46,57.0,128.0,24.2,10.71,9.26,262.0,0.6
192,196,10,Ir   ,N,20.03,18.06,24.386000000000003,15.28,17.4,39.0,404.0,15.7,2.03,90.0,15.0,24.5,7.71,7.76,451.0,-1.5
193,197,10,Ir   ,N,16.24,14.4,19.01,12.2,14.46,74.0,364.0,6.85,3.71,22.0,86.0,24.1,9.5,8.22,373.0,-1.1
194,198, 8,     , ,15.04,13.62,17.79,11.0,13.33,55.0,270.0,8.05,11.22,32.0,44.0,25.5,9.4,8.81,160.0,1.0
195,199,10,Ir   ,N,17.56,15.34,18.08,12.53,16.09,33.0,281.0,8.02,2.64,66.0,12.0,24.1,7.66,7.7,170.0,1.6
196,200,10,Ir   ,N,23.139999999999997,17.5,25.026000000000003,11.13,14.06,85.0,494.0,3.0,1.76,57.0,44.0,23.3,8.6,7.66,219.0,-1.2
197,201,10,Ir   ,N,17.87,16.6,24.116,14.0,16.36,27.0,445.0,6.98,1.4,50.0,8.0,24.2,7.0,7.48,510.0,-0.2
198,202, 9,BCD  ,N,16.03,14.8,17.41,12.81,18.32,50.2,454.0,7.1,2.15,70.0,22.4,23.2,8.224,6.593999999999999,518.0,-0.6
199,203,10,Ir   ,N,23.0,18.0,24.098000000000003,15.56,17.84,24.0,351.0,6.0,0.6,22.0,7.0,24.2,6.49,6.75,196.0,-1.6
200,204,10,Ir   ,N,15.82,15.23,17.89,12.13,14.43,78.0,343.0,7.73,4.29,66.0,37.0,25.2,8.84,8.34,215.0,-1.2
201,205,10,Ir   ,N,22.824,17.2,22.31,13.97,16.0,56.0,730.0,6.34,1.06,67.0,26.0,23.7,7.92,7.54,463.0,-1.1
202,206, 7,     , ,13.8,12.23,15.36,9.28,13.93,102.0,514.0,12.4,12.31,33.0,81.0,23.3,9.97,8.95,572.0,-0.4
203,207, 9,BCD  ,N,19.0,17.1,24.386000000000003,14.55,18.540000000000003,93.6,521.0,12.42,1.88,90.0,40.8,24.1,8.9,6.038,565.0,1.3
204,208, 8,     , ,14.32,12.27,15.41,9.13,14.42,100.0,449.0,12.2,9.54,29.0,91.0,22.8,9.96,8.74,479.0,1.9
205,209, 7,     , ,14.85,13.07,16.54,10.76,13.46,178.0,557.0,12.2,16.69,90.0,78.0,24.1,10.07,9.12,586.0,2.6
206,210, 7,     , ,13.16,12.26,15.57,10.09,12.49,192.0,559.0,12.4,26.11,59.0,99.0,24.7,10.47,9.52,605.0,0.5
207,211, 9,Im   ,N,12.55,11.1,14.47,8.0,11.95,64.0,157.0,3.39,9.0,34.0,49.0,24.4,9.4,8.61,311.0,1.0
208,212, 8,     , ,14.65,12.69,16.41,10.0,14.11,130.0,524.0,12.4,13.83,43.0,83.0,23.9,10.05,8.88,574.0,0.3
209,213, 9,BCD  ,N,22.836000000000002,15.13,24.698,12.97,18.2,67.4,738.0,6.7,2.55,27.0,36.8,23.5,8.468,6.7,489.0,-1.4
210,214,10,Ir   ,N,21.742,16.06,19.66,13.21,16.36,99.0,789.0,17.3,3.68,90.0,43.0,23.5,8.9,8.26,512.0,0.0
211,215,10,Ir   ,L,17.45,16.35,24.61,13.63,15.94,21.0,116.0,3.55,1.32,26.0,6.0,25.4,6.71,7.06,271.0,1.2
212,216,10,Ir   ,N,22.637999999999998,16.8,25.146,14.27,19.952,76.4,642.0,8.15,1.65,59.0,35.4,24.5,8.610000000000001,5.736,595.0,-0.2
213,217, 9,BCD  ,N,22.588,15.22,24.93,11.93,15.72,62.0,837.0,7.4,2.04,64.0,30.0,22.7,8.32,7.78,549.0,-0.8
214,218,10,Ir   ,N,17.01,15.27,19.93,12.37,15.09,83.0,396.0,10.28,5.23,72.0,38.0,25.0,8.94,8.32,401.0,-0.9
215,219,10,Ir   ,N,15.58,14.55,17.05,12.77,14.55,30.0,19.0,3.56,2.13,33.0,16.0,24.6,7.78,7.62,150.0,1.0
216,220, 9,BCD  ,H,22.036,12.45,14.19,9.0,14.71,117.0,868.0,7.96,5.31,45.0,72.0,22.3,9.51,8.25,581.0,-0.9
217,221,10,Ir   ,N,16.0,14.95,17.61,13.33,14.57,33.0,156.0,3.21,1.24,64.0,12.0,24.1,7.35,7.52,304.0,1.0
218,222, 9,BCD  ,N,17.76,14.83,25.026000000000003,11.9,16.1,61.0,814.0,7.8,2.56,56.0,31.0,23.3,8.47,7.68,524.0,-0.2
219,223, 9,BCD  ,N,19.26,17.2,24.93,14.68,18.1,20.0,398.0,6.1,0.66,64.0,3.0,23.5,5.77,6.66,323.0,-0.9
220,224,-2,Sph  ,X,22.28,14.8,24.93,10.35,16.33,27.8,-116.0,0.03,0.25,80.0,8.4,30.2,6.7639999999999985,2.8,-3.0,3.9
221,225, 3,     , ,14.4,10.34,14.71,6.33,12.93,428.0,411.0,7.73,29.52,90.0,202.0,23.3,11.14,8.94,365.0,0.2
222,226,10,Ir   ,L,20.84,17.4,22.62,14.93,16.5,13.0,462.0,7.7,3.15,46.0,3.0,26.6,6.65,7.51,418.0,3.3
223,227,-3,Sph  ,L,23.0,17.7,24.53,13.48,18.2,20.8,803.6,7.7,1.17,17.0,12.8,24.8,7.024000000000001,6.83,737.6,2.9
224,228, 8,     , ,16.11,15.0,18.56,11.91,14.27,132.0,599.0,15.2,18.17,90.0,57.0,26.2,9.84,8.99,584.0,-1.8
225,229,10,Ir   ,L,18.99,17.9,24.61,15.44,16.72,49.0,483.0,8.67,1.85,51.0,26.0,25.7,8.16,7.52,366.0,-0.2
226,230, 8,     , ,19.16,16.36,20.76,12.79,15.49,95.0,806.0,19.0,7.28,79.0,42.0,24.5,9.18,8.69,519.0,-0.7
227,231,10,Ir   ,N,23.0,17.4,24.308,13.38,15.42,70.0,886.0,7.93,1.69,47.0,42.0,23.5,8.53,7.96,579.0,-0.9
228,232, 8,     , ,16.19,14.6,18.41,11.69,15.29,130.0,553.0,20.3,14.08,76.0,58.0,24.8,9.74,8.83,504.0,-1.5
229,233,10,Ir   ,N,18.14,17.05,19.55,14.52,16.36,25.0,598.0,5.6,1.02,34.0,7.0,24.5,6.78,7.28,409.0,-1.4
230,234,10,Ir   ,N,21.1,17.5,24.86,15.0,18.99,47.0,335.0,9.55,1.34,32.0,37.0,24.4,8.32,6.7,189.0,-0.7
231,235,-3,Sph  ,N,21.14,17.7,21.864,12.9,18.2,33.2,719.8,9.8,1.41,48.0,12.4,24.0,7.07,7.03,648.2,2.1
232,236,10,Ir   ,N,22.678,15.63,19.46,12.6,16.13,79.0,724.0,9.8,4.23,52.0,44.0,24.4,8.97,7.86,438.0,1.8
233,237,-3,Sph  ,L,23.74,18.0,24.208000000000006,13.17,18.2,28.8,765.2,9.8,1.6,41.0,11.2,24.6,7.047999999999999,7.03,658.6,3.9
234,238,-3,Sph  ,L,23.0,17.27,22.862000000000002,12.36,18.2,41.0,617.0,9.8,3.29,33.0,27.0,25.3,7.7379999999999995,7.03,531.4,5.1
235,239,-2,     , ,16.73,11.24,16.91,6.33,18.54,109.0,687.0,9.82,19.27,90.0,47.8,23.1,8.986,6.037999999999999,398.0,3.2
236,240,-3,Sph  ,N,20.67,16.35,20.07,10.62,18.2,34.8,671.8,9.8,2.22,68.0,12.4,23.6,7.436,7.03,558.0,4.8
237,241, 8,     , ,17.07,15.4,19.31,12.36,14.89,111.0,766.0,21.9,15.17,54.0,59.0,25.4,9.79,9.06,489.0,-1.4
238,242,10,Ir   ,N,18.94,17.4,24.93,14.88,17.9,25.0,445.0,4.43,0.7,79.0,3.0,24.5,5.98,6.47,324.0,-1.3
239,243, 9,BCD  ,N,19.96,18.6,24.235999999999997,16.12,17.82,37.0,502.0,21.7,1.29,47.0,19.0,23.6,7.71,7.88,411.0,-1.9
240,244, 9,BCD  ,N,15.97,13.8,20.61,11.5,16.54,14.0,-25.0,1.36,1.27,66.0,3.0,24.9,6.05,5.98,33.0,-0.3
241,245,10,Ir   ,N,18.32,15.84,20.77,13.06,17.12,40.0,837.0,10.3,2.11,90.0,15.0,23.2,7.76,7.51,550.0,1.6
242,246, 5,     , ,13.2,11.01,13.66,7.92,12.54,194.0,885.0,10.3,28.9,49.0,113.0,23.9,10.63,9.34,600.0,0.5
243,247, 1,     , ,18.94,11.82,19.21,7.26,14.12,358.0,700.0,7.48,7.99,55.0,203.0,22.4,10.58,8.43,842.0,-1.1
244,248,10,Ir   ,N,20.58,17.3,25.61,14.79,18.77,14.0,498.0,9.08,1.64,34.0,4.0,24.7,6.58,6.74,386.0,0.7
245,249, 8,     , ,17.06,15.17,23.628000000000004,13.15,15.59,110.0,549.0,20.6,10.82,73.0,50.0,24.9,9.5,8.72,597.0,-1.3
246,250, 8,     , ,16.68,14.8,18.28,11.72,13.85,124.0,846.0,18.6,13.67,79.0,55.0,24.9,9.68,9.33,560.0,-1.1
247,251,10,Ir   ,N,18.34,17.8,24.93,15.3,18.48,29.0,519.0,10.4,1.16,65.0,9.0,24.2,7.01,6.97,424.0,-0.7
248,252,10,Ir   ,N,17.49,15.53,19.39,12.93,16.9,31.0,829.0,7.52,1.65,55.0,12.0,23.3,7.41,7.32,549.0,-1.0
249,253, 8,     , ,17.46,16.2,23.846,13.54,18.779999999999998,122.8,484.0,7.35,1.98,39.0,70.2,24.6,9.574000000000002,6.23,537.0,-0.8
250,254, 9,BCD  ,N,18.44,15.0,19.54,11.11,17.81,89.0,632.0,8.24,4.41,60.0,45.0,24.7,9.01,7.04,770.0,-0.4
251,255, 8,     , ,18.14,17.8,24.55,15.13,16.39,47.0,540.0,19.7,4.69,79.0,20.0,25.9,8.33,8.37,492.0,-1.1
252,256, 9,BCD  ,H,15.65,13.2,15.99,9.7,12.38,153.0,467.0,3.78,2.77,69.0,71.0,22.5,9.21,8.54,191.0,-0.7
253,257,10,Tr   ,L,22.27,19.0,23.400000000000002,15.74,19.69,24.0,406.6,3.93,0.56,47.0,6.6,25.1,6.4159999999999995,5.64,353.4,1.5
254,258, 7,     , ,22.408,16.0,22.988,13.0,17.01,104.0,502.0,19.68,8.93,76.0,47.0,25.4,9.35,8.12,552.0,-1.1
255,259,10,Ir   ,L,19.56,17.02,24.7,14.5,17.64,25.0,561.0,8.9,1.81,41.0,4.0,24.7,6.57,7.17,441.0,1.7
256,260,10,Ir   ,N,20.81,18.2,24.236,15.73,19.53,24.0,582.0,8.9,0.71,47.0,3.0,23.9,5.99,6.42,470.0,3.3
257,261, 4,     , ,12.61,9.53,13.21,6.04,11.96,366.0,556.0,8.87,32.45,64.0,189.0,23.0,11.13,9.44,443.0,1.7
258,262,10,Ir   ,L,19.48,16.4,24.706,13.52,16.21,44.0,862.0,8.3,3.44,68.0,19.0,25.2,8.16,7.69,556.0,-0.7
259,263,-3,Sph  ,N,23.0,16.36,25.1,12.13,18.214,29.6,491.0,8.9,2.63,31.0,12.0,24.9,7.140000000000001,6.837999999999999,378.0,4.1
260,264,-3,Sph  ,X,22.3,19.3,23.896,14.18,16.966,28.2,40.6,3.66,0.87,37.0,6.2,26.4,6.470000000000001,6.4159999999999995,128.4,2.6
261,265, 9,BCD  ,N,17.49,15.22,19.43,12.68,15.98,89.0,552.0,13.0,4.14,59.0,45.0,23.8,8.99,8.17,366.0,-1.1
262,266,10,Ir   ,L,19.53,16.5,21.79,14.03,14.85,15.0,39.0,0.42,0.26,51.0,3.0,26.6,5.49,5.63,-97.0,0.8
263,267, 9,BCD  ,N,18.56,16.6,24.236,14.08,17.4,91.2,796.0,7.3,0.91,47.0,46.8,23.2,8.972000000000001,7.1,533.0,-1.0
264,268,10,Tr   ,L,24.56,19.6,23.470000000000002,17.09,17.34,31.6,401.4,3.63,0.38,35.0,9.8,25.8,6.99,6.534000000000001,378.6,2.5
265,269,10,Ir   ,N,22.588,15.5,19.03,12.92,17.3,56.0,741.0,6.15,1.17,65.0,26.0,23.0,7.97,6.99,449.0,-1.3
266,270,10,Ir   ,N,17.01,16.32,24.386000000000003,13.9,16.62,77.0,544.0,19.8,4.67,90.0,33.0,24.4,8.78,8.28,474.0,-0.5
267,271, 9,Im   ,N,18.34,17.0,24.386000000000003,14.59,18.540000000000003,99.2,546.0,7.88,1.9,90.0,44.4,25.2,9.162,6.038,575.0,-0.6
268,272,10,Ir   ,L,20.04,17.2,21.09,14.62,17.278,38.2,589.8,10.0,2.01,44.0,18.8,24.8,7.638000000000001,7.3740000000000006,537.8,-0.6
269,273,10,Ir   ,N,15.0,13.64,17.48,11.2,13.72,29.0,139.0,3.84,5.29,40.0,12.0,25.4,7.95,8.01,291.0,1.8
270,274,10,Ir   ,N,18.39,16.27,23.47,13.87,16.97,34.0,546.0,8.3,3.18,90.0,12.0,25.4,7.7,7.38,496.0,-0.6
271,275, 9,BCD  ,N,22.041999999999998,16.83,24.236,14.18,17.4,98.4,729.0,6.05,0.59,46.0,48.4,22.8,8.59,6.94,442.0,-1.1
272,276,-3,Sph  ,X,23.0,21.0,22.875999999999998,16.52,16.52,34.0,221.2,3.98,0.26,10.0,20.4,26.0,7.3759999999999994,7.019999999999999,258.4,1.5
273,277,-1,Tr   ,L,24.21,16.7,24.014,12.47,19.76,23.6,43.6,3.39,0.89,60.0,8.0,25.0,6.88,5.49,247.8,2.0
274,278, 9,BCD  ,N,16.68,14.98,19.04,12.52,15.69,67.0,541.0,9.4,3.66,48.0,39.0,24.1,8.81,8.0,370.0,-0.7
275,279,-3,Sph  ,L,23.0,15.7,22.91,11.22,18.2,27.8,-125.0,3.77,2.7,29.0,8.4,25.9,6.764,6.2,8.0,2.3
276,280,10,Ir   ,N,18.23,16.06,21.29,13.64,17.05,32.0,535.0,6.56,1.61,18.0,32.0,24.2,8.29,7.15,479.0,-0.8
277,281,-3,Sph  ,L,23.0,17.5,24.25,13.12,18.2,27.6,83.6,3.4,0.96,33.0,6.4,25.8,6.712000000000001,6.12,87.6,2.3
278,282,10,Ir   ,L,22.85,16.9,24.158,12.63,15.01,79.0,882.0,14.9,6.25,54.0,43.0,24.2,9.12,8.67,566.0,-1.7
279,283, 7,     , ,13.77,11.01,14.45,7.53,13.52,91.0,6.0,3.56,6.17,64.0,44.0,23.2,9.15,8.03,142.0,3.0
280,284, 9,Im   ,N,18.56,16.5,24.93,14.05,16.78,55.0,535.0,14.9,3.12,63.0,26.0,24.3,8.39,7.97,352.0,-0.6
281,285,-3,Sph  ,L,23.0,16.3,24.41,11.63,18.2,26.8,-28.0,3.48,2.89,52.0,4.4,26.6,6.304,6.14,133.2,2.5
282,286,10,Ir   ,N,18.58,17.68,20.96,15.25,16.7,20.0,539.0,7.1,0.84,62.0,3.0,24.3,5.9,7.35,479.0,2.8
283,287,10,Ir   ,N,15.13,14.46,17.31,12.45,14.5,84.0,521.0,7.11,4.45,90.0,37.0,24.7,8.84,8.24,461.0,1.6
284,288, 9,BCD  ,N,15.99,14.62,17.53,11.49,14.3,93.0,557.0,6.85,2.92,60.0,47.0,23.9,8.87,8.28,378.0,-1.1
285,289, 8,     , ,15.9,13.64,16.76,11.12,14.59,91.0,887.0,8.1,3.28,30.0,79.0,22.6,9.38,8.31,591.0,-0.7
286,290,10,Ir   ,N,19.45,18.78,25.17,16.11,15.7,15.0,-40.0,4.02,0.4,41.0,4.0,24.7,5.82,7.26,101.0,1.4
287,291,10,Ir   ,N,19.82,17.93,25.178,15.54,18.78,35.0,503.0,15.4,1.51,55.0,15.0,24.2,7.6,7.2,470.0,-1.3
288,292,10,Ir   ,N,18.0,15.14,20.77,12.63,16.33,54.0,791.0,9.7,3.56,90.0,23.0,24.1,8.33,7.77,554.0,0.9
289,293,-3,Sph  ,X,23.0,19.5,24.198,14.81,17.34,31.2,488.8,3.93,0.48,36.0,6.4,25.6,6.587999999999999,6.534000000000001,358.6,1.7
290,294, 3,     , ,11.45,7.79,12.13,3.83,10.03,423.0,-38.0,3.63,31.35,62.0,226.0,22.9,11.27,9.44,104.0,2.6
291,295, 8,     , ,13.91,9.06,11.58,4.67,11.19,147.0,183.0,3.53,13.16,69.0,69.0,22.3,9.86,8.95,328.0,2.8
292,296, 9,BCD  ,N,19.09,15.89,20.83,13.28,17.4,34.0,627.0,5.18,1.48,49.0,14.8,24.2,7.504,6.8,378.0,-1.4
293,297,10,Ir   ,N,15.22,14.77,18.16,12.82,13.97,74.0,503.0,9.8,5.56,90.0,32.0,24.8,8.83,8.73,429.0,-0.7
294,298,-1,Sph  ,N,22.41,15.24,19.75,10.86,19.092,71.2,221.0,3.6,1.55,64.0,37.4,24.4,8.596,6.090000000000001,360.0,4.0
295,299,10,Ir   ,N,23.0,19.8,23.96,17.17,19.578,58.4,-165.0,3.6,0.2,50.0,26.4,24.5,7.425999999999999,5.836,-25.0,4.3
296,300,10,Ir   ,L,18.02,16.8,20.0,14.11,16.26,48.0,99.0,3.87,2.17,69.0,21.0,26.5,8.05,7.0,242.0,2.2
297,301,10,Ir   ,N,15.63,14.53,19.04,11.86,12.63,50.0,50.0,3.61,2.96,41.0,31.0,25.1,8.53,8.4,192.0,5.1
298,302, 9,BCD  ,N,18.82,16.0,24.93,13.41,19.07,22.0,90.0,4.04,1.06,64.0,3.0,24.1,5.98,5.92,221.0,1.3
299,303,10,Ir   ,N,14.7,12.92,18.46,10.49,12.76,19.0,24.0,0.81,1.35,61.0,3.0,25.3,6.11,7.04,-40.0,0.1
300,304,10,Ir   ,L,19.85,18.0,21.33,15.36,18.637999999999998,59.8,-186.0,3.6,0.88,52.0,28.2,25.9,7.781999999999999,6.102,-46.0,4.0
301,305,-3,Sph  ,L,23.0,18.0,22.472,13.62,18.2,31.6,630.4,9.7,2.67,48.0,12.4,26.2,7.196,7.03,580.4,1.3
302,306,10,Ir   ,N,13.92,11.85,16.86,9.5,12.33,38.0,300.0,1.36,2.41,53.0,18.0,24.3,7.95,7.66,110.0,-0.5
303,307,-3,Sph  ,L,23.0,17.87,24.25,13.69,20.0,23.4,173.4,3.91,0.7,41.0,8.0,25.4,6.586,5.52,250.6,1.1
304,308, 9,Im   ,N,22.222,17.1,24.236,14.7,19.357999999999997,81.2,538.0,7.97,1.34,46.0,52.4,24.5,9.225999999999999,6.224,582.0,-0.6
305,309,10,Ir   ,N,19.84,18.06,24.116,15.64,19.26,20.0,501.0,7.1,0.58,51.0,3.0,23.9,5.85,6.33,436.0,-0.3
306,310,10,Ir   ,L,23.0,19.8,22.21,17.17,18.666,53.4,-121.0,3.6,0.11,20.0,23.8,23.3,7.167999999999999,6.612,19.0,3.9
307,311,10,Ir   ,N,17.97,16.1,19.6,13.61,16.49,38.0,748.0,9.7,3.24,44.0,21.0,24.9,8.21,7.71,510.0,1.8
308,312,10,Ir   ,N,18.43,15.41,21.66,12.82,16.46,49.0,446.0,9.7,4.65,90.0,20.0,24.9,8.35,7.72,203.0,2.3
309,313, 7,     , ,16.61,14.67,18.72,12.0,14.4,123.0,663.0,9.7,11.23,90.0,53.0,25.7,9.57,8.55,427.0,1.5
310,314, 8,     , ,11.98,10.39,14.11,7.5,10.51,117.0,403.0,1.32,7.66,83.0,51.0,25.0,9.37,8.37,110.0,0.2
311,315, 9,dEem ,N,14.19,10.62,14.55,7.32,11.76,70.0,19.0,3.82,7.58,38.0,49.0,23.1,9.33,8.79,159.0,3.3
312,316,10,Ir   ,X,17.03,16.8,17.3,14.18,14.88,59.8,43.0,3.82,4.61,62.0,34.4,28.2,8.772,7.54,183.0,6.0
313,317,10,Ir   ,N,16.81,15.68,24.706,13.06,14.94,77.0,885.0,15.3,3.86,67.0,36.0,23.7,8.77,8.73,591.0,-1.4
314,318, 8,     , ,14.57,13.97,16.84,11.24,14.25,102.0,603.0,16.0,16.35,57.0,53.0,25.2,9.73,9.04,594.0,-1.5
315,319,10,Tr   ,L,17.1,16.19,24.268,12.73,16.63,22.0,362.0,1.32,0.81,47.0,3.0,26.1,6.05,5.92,66.0,2.3
316,320,-3,Sph  ,L,23.76,17.53,24.61,13.2,17.386000000000003,26.4,-23.8,3.78,0.93,52.0,4.4,25.6,6.252,6.297999999999999,115.4,2.8
317,321, 8,     , ,16.4,14.89,18.94,12.2,16.42,71.0,498.0,7.11,2.87,49.0,41.0,24.1,8.75,7.47,427.0,-0.7
318,322,-3,Tr   ,L,23.0,16.01,22.18,11.53,16.27,19.0,-129.0,3.5,2.18,34.0,4.0,25.9,6.7,6.91,0.0,2.2
319,323,-1,     , ,16.09,9.87,24.11,5.88,13.89,238.0,681.0,9.68,24.04,90.0,107.0,22.5,10.5,8.75,439.0,2.6
320,324,10,Ir   ,N,17.23,14.42,18.35,11.99,15.92,44.0,348.0,8.71,2.88,55.0,21.0,23.0,8.18,7.84,496.0,-0.8
321,325,-3,Sph  ,L,23.16,16.36,25.218,12.23,20.052,86.8,721.0,9.7,3.01,59.0,44.4,25.1,8.212,5.642,479.0,4.9
322,326, 9,BCD  ,N,19.4,13.61,24.236,10.05,18.32,89.2,698.0,9.7,4.45,41.0,53.8,23.0,8.982,6.868,456.0,3.9
323,327,-3,Sph  ,X,23.0,19.7,23.524,15.32,17.304,32.4,308.2,3.87,0.39,17.0,12.0,25.7,6.888,6.9319999999999995,293.4,1.9
324,328,-3,Tr   ,L,24.07,15.52,22.91,11.19,18.54,160.0,-15.0,3.7,2.19,90.0,79.0,25.5,9.280000000000001,6.038,121.0,2.7
325,329,-3,Sph  ,X,21.002,16.21,24.386000000000003,11.98,19.84,96.2,206.0,0.02,0.05,90.0,47.8,29.0,8.706,1.12,67.0,4.3
326,330, 9,Im   ,N,15.31,13.84,17.16,11.63,15.3,62.0,527.0,5.6,2.67,72.0,28.0,23.4,8.39,7.71,360.0,-1.3
327,331, 8,     , ,16.43,15.61,17.94,12.94,15.99,83.0,587.0,18.4,6.63,62.0,41.0,24.6,9.11,8.47,569.0,-1.2
328,332,-3,Sph  ,X,23.0,16.5,24.1,12.16,18.2,58.4,-140.0,3.75,3.15,39.0,26.4,27.2,7.425999999999999,6.2,-1.0,2.6
329,333,-1,Sph  ,L,22.65,11.18,24.236,6.93,19.87,53.0,283.0,0.25,0.73,42.0,28.0,24.7,7.872,3.18,125.0,1.4
330,334,-1,Sph  ,L,21.08,18.0,22.332,13.36,18.386,26.4,495.8,9.0,2.15,35.0,14.2,25.6,7.15,6.934,404.2,-0.7
331,335,10,Ir   ,N,12.91,11.86,15.53,10.18,11.88,46.0,324.0,1.32,2.34,38.0,30.0,24.2,8.4,7.82,94.0,-0.4
332,336, 9,BCD  ,N,18.01,15.6,24.268,13.18,18.63,16.0,150.0,3.7,0.96,48.0,3.0,23.9,6.11,6.02,267.0,1.5
333,337,-3,Sph  ,X,21.54,11.3,24.738,7.01,19.85,64.8,227.0,0.09,0.83,64.0,37.0,27.2,8.796,2.3,9.0,2.7
334,338,-1,Tr   ,X,22.08,20.2,24.274,15.92,19.53,24.2,357.0,4.57,0.28,29.0,13.0,25.2,7.074,5.84,381.6,0.2
335,339,-1,Tr   ,X,23.88,20.5,23.148000000000003,16.21,16.52,33.0,221.2,4.07,0.31,13.0,20.4,26.0,7.378,7.0200000000000005,258.4,1.5
336,340, 8,     , ,18.25,15.4,24.706,12.73,18.720000000000002,85.2,518.0,11.12,3.58,68.0,37.8,24.2,8.767999999999999,6.566,513.0,2.7
337,341, 6,     , ,12.53,10.36,14.16,7.23,12.87,128.0,592.0,11.12,24.27,22.0,149.0,23.3,10.8,9.28,588.0,0.8
338,342,-1,Sph  ,L,23.0,18.4,24.534,14.25,17.912,26.6,551.8,11.1,1.24,34.0,14.2,24.9,7.109999999999999,7.151999999999999,474.8,3.4
339,343,11,Ir   ,X,23.172,19.1,22.03,14.91,14.9,50.0,46.0,3.7,0.63,30.6,30.0,25.78,8.492,7.51,187.0,2.4
340,344,10,Tr   ,L,21.68,17.3,24.1,14.5,21.3,13.0,-37.0,3.96,1.9,62.0,3.0,26.5,6.25,5.01,116.0,1.5
341,345,10,Ir   ,N,18.51,17.5,24.268,14.94,17.4,85.8,701.0,6.78,0.86,49.0,47.4,24.1,8.437999999999999,7.03,495.0,-1.1
342,346,10,Ir   ,N,23.0,17.2,24.706,14.75,17.7,16.0,262.0,2.0,0.32,68.0,3.0,24.4,5.43,5.85,135.0,-0.8
343,347, 9,BCD  ,N,18.46,16.6,25.178,14.14,17.47,39.0,540.0,13.5,1.9,56.0,18.0,23.5,7.85,7.61,460.0,-1.0
344,348,10,Ir   ,L,23.0,16.79,24.642000000000003,14.17,16.36,30.0,628.0,5.11,1.09,34.0,15.0,24.5,7.48,7.2,373.0,-1.2
345,349, 8,     , ,13.07,11.73,14.66,9.0,13.1,160.0,754.0,7.9,11.64,53.0,87.0,23.6,10.01,8.89,623.0,-0.7
346,350,-3,Sph  ,L,21.94,16.5,24.25,12.29,18.666,59.8,55.0,3.72,2.23,22.0,34.4,26.6,8.772,6.612,191.0,2.0
347,351, 8,     , ,17.38,14.65,19.06,11.55,15.33,82.0,531.0,11.4,9.95,76.0,37.0,25.6,9.19,8.31,428.0,-0.6
348,352, 8,     , ,12.44,10.8,14.43,7.95,11.21,107.0,43.0,4.02,15.39,67.0,51.0,24.8,9.66,9.06,183.0,1.2
349,353,10,Ir   ,N,18.1,17.4,24.116,15.01,18.64,71.4,547.0,7.55,1.05,51.0,43.4,24.4,8.702000000000002,6.296,551.0,-0.9
350,354,10,Ir   ,N,18.23,16.2,24.236,13.69,18.44,20.0,-114.0,4.0,0.85,45.0,4.0,24.0,6.1,6.16,35.0,2.1
351,355, 9,BCD  ,N,19.95,19.1,24.642000000000003,16.66,18.57,31.0,645.0,21.5,0.7,34.0,17.0,22.9,7.36,7.57,564.0,-1.2
352,356, 9,Im   ,N,16.79,13.49,18.27,10.29,18.7,51.6,56.0,4.0,4.02,63.0,30.4,24.6,8.558000000000002,6.06,207.0,1.4
353,357,10,Ir   ,N,18.44,16.8,25.146,14.35,17.4,27.0,640.0,7.8,1.61,62.0,7.0,24.6,6.94,7.16,458.0,-0.7
354,358, 9,BCD  ,N,20.49,18.6,24.098000000000003,16.13,18.78,21.0,915.0,10.43,0.49,20.0,7.0,23.2,6.48,6.86,762.0,0.7
355,359,10,Ir   ,N,18.09,16.8,25.178,14.34,17.92,36.0,454.0,9.2,1.03,58.0,15.0,23.2,7.44,7.09,380.0,-0.8
356,360, 7,     , ,14.47,13.21,16.16,10.74,13.45,160.0,541.0,7.98,5.53,63.0,79.0,23.4,9.6,8.76,465.0,-0.7
357,361,-3,Sph  ,L,23.0,16.9,24.25,12.75,17.788,31.6,132.0,3.85,1.23,66.0,6.2,25.7,6.403999999999999,6.357999999999999,218.6,1.4
358,362,-3,Sph  ,X,23.0,15.29,24.386000000000003,11.12,16.33,39.0,-55.0,0.1,0.5,90.0,20.4,30.0,7.324,3.8,0.0,2.6
359,363,10,Ir   ,N,19.16,17.5,24.46,15.08,17.97,62.0,1177.0,10.4,1.13,48.0,36.0,23.9,8.23,7.18,1020.0,1.0
360,364, 8,     , ,14.72,13.2,23.846,10.34,13.73,63.0,1042.0,7.0,7.41,38.0,44.0,24.4,9.22,8.53,756.0,-0.9
361,365, 8,     , ,22.874000000000002,17.3,24.93,14.6,16.69,70.0,1158.0,10.4,2.79,79.0,31.0,25.6,8.49,7.69,987.0,0.6
362,366, 9,Im   ,N,18.51,17.0,24.706,14.58,18.52,133.6,620.0,8.1,1.4,69.0,62.6,24.4,9.437999999999999,6.5760000000000005,592.0,-0.6
363,367, 8,     , ,16.47,13.3,17.56,10.97,15.73,112.0,604.0,10.4,7.35,40.0,76.0,23.7,9.69,8.07,453.0,1.1
364,368,10,Ir   ,N,16.41,15.41,18.74,13.41,14.63,106.0,582.0,10.9,6.36,90.0,46.0,25.4,9.2,8.56,527.0,-0.9
365,369, 9,Im   ,N,18.89,16.4,24.268,13.9,18.74,27.0,724.0,10.4,2.24,48.0,8.0,24.2,7.23,6.87,586.0,0.7
366,370, 9,BCD  ,H,22.218,14.4,24.236,11.56,15.19,178.0,1175.0,10.4,2.62,44.0,113.0,22.5,9.59,8.29,1013.0,1.1
367,371,10,Ir   ,L,20.88,19.7,25.154000000000003,17.19,18.34,33.0,763.0,26.2,1.32,62.0,12.0,24.4,7.37,7.83,573.0,-2.3
368,372, 9,BCD  ,N,17.12,14.28,19.33,11.81,15.92,48.0,710.0,7.0,2.57,33.0,36.0,23.3,8.59,7.65,511.0,-1.0
369,373,10,Tr   ,L,23.0,18.7,21.6,16.24,18.6,32.4,862.4,10.4,1.58,72.0,9.8,25.8,6.808000000000002,6.93,735.2,2.0
370,374,10,Tr   ,N,20.72,16.77,24.706,14.32,20.14,22.0,780.0,10.4,1.82,69.0,3.0,24.2,6.18,6.31,629.0,1.7
371,375,10,Ir   ,L,21.2,18.3,25.178,15.81,18.78,21.0,1007.0,10.4,1.94,57.0,3.0,25.8,6.3,6.85,863.0,1.1
372,376,10,Ir   ,L,23.0,20.0,22.41,17.54,17.34,23.0,747.0,20.9,0.99,32.0,5.0,24.6,6.42,8.04,561.0,-1.8
373,377, 8,     , ,17.89,15.5,24.706,12.81,16.92,56.0,1008.0,10.4,4.41,68.0,26.0,24.9,8.53,7.6,857.0,1.7
374,378,10,Ir   ,X,23.0,19.6,23.724,16.98,20.6,24.2,249.2,3.91,0.41,62.0,8.2,25.7,6.794,5.28,310.8,1.4
375,379, 8,     , ,18.65,15.7,24.93,13.0,17.27,36.0,772.0,10.4,3.0,64.0,14.0,24.2,7.86,7.46,621.0,2.0
376,380,-2,Sph  ,L,23.0,18.5,23.978,14.3,18.2,24.2,725.6,10.4,2.19,39.0,7.6,26.3,6.779999999999999,7.09,619.4,2.1
377,381, 8,     , ,14.17,13.73,16.56,11.17,13.4,74.0,630.0,8.11,10.64,43.0,47.0,25.5,9.44,8.79,592.0,-0.9
378,382, 9,BCD  ,N,20.27,17.4,24.93,14.93,15.85,70.0,1145.0,10.4,1.15,64.0,34.0,23.8,8.18,8.03,1001.0,1.1
379,383,10,Ir   ,N,22.588,15.53,24.706,12.95,14.93,41.0,670.0,7.1,1.47,66.0,17.0,23.2,7.71,8.06,366.0,-0.6
380,384, 4,     , ,12.63,10.45,14.09,7.44,12.18,157.0,588.0,6.85,15.51,27.0,153.0,23.3,10.63,9.13,500.0,-1.0
381,385,10,Ir   ,N,23.43,19.2,23.528,16.75,18.2,26.8,717.0,10.4,0.49,20.0,15.6,23.8,7.026000000000001,7.09,645.4,2.5
382,386, 3,     , ,13.49,10.58,14.46,6.67,13.48,270.0,777.0,10.05,21.39,49.0,162.0,23.2,10.81,8.94,623.0,1.2
383,387,10,Tr   ,L,23.0,18.8,24.524,16.32,17.8,27.0,519.0,10.4,1.08,29.0,20.6,25.1,7.626,7.25,434.0,0.9
384,388,10,Ir   ,N,21.07,18.5,22.914,16.03,17.4,24.6,765.2,10.4,0.67,41.0,7.4,23.7,6.764,7.41,658.6,2.5
385,389,-1,Tr   ,N,21.73,16.4,24.642000000000003,12.17,18.134,82.2,633.0,10.4,1.87,37.0,38.6,23.8,8.196000000000002,6.980000000000001,490.0,1.4
386,390,10,Ir   ,N,19.74,17.43,22.96,14.99,19.04,24.0,871.0,10.4,1.25,81.0,3.0,24.0,5.97,6.75,718.0,3.1
387,391,-3,Sph  ,L,23.0,18.7,24.534,14.51,18.27,26.6,520.6,10.4,1.13,34.0,14.2,25.1,7.109999999999999,7.06,437.0,2.1
388,392,-3,Sph  ,N,23.0,18.0,24.456,13.78,18.2,31.6,603.2,10.4,1.8,24.0,23.4,25.4,7.744,7.09,649.8,1.6
389,393,-2,Tr   ,L,23.0,19.0,22.25,14.8,18.07,28.6,772.2,10.4,0.9,13.0,20.4,24.9,7.5280000000000005,7.041999999999999,741.8,4.5
390,394,-1,Sph  ,N,22.217999999999996,16.98,24.236,12.79,17.17,37.0,1030.0,10.4,1.76,44.0,20.0,24.3,7.89,7.5,880.0,3.0
391,395, 3,     , ,14.2,10.11,15.03,6.32,12.98,343.0,893.0,10.42,27.25,49.0,210.0,23.1,11.14,9.18,740.0,1.5
392,396,10,Tr   ,L,23.15,18.9,24.46,16.46,18.05,38.0,636.0,10.4,0.86,47.0,19.0,24.7,7.58,7.15,488.0,3.3
393,397,-1,Sph  ,L,23.3,17.8,21.338,13.61,17.253999999999998,58.0,611.6,10.4,1.13,52.0,26.2,24.2,7.359999999999999,7.414,547.8,2.5
394,398,10,Tr   ,L,23.12,17.5,24.642000000000003,15.03,16.69,35.0,832.0,10.4,1.78,35.0,21.0,24.9,7.97,7.69,684.0,2.5
395,399,10,Ir   ,L,22.71,18.6,24.46,16.13,18.2,23.0,843.0,10.4,0.77,47.0,3.0,24.1,6.03,7.09,696.0,2.9
396,400, 9,Im   ,N,16.59,14.4,18.89,11.91,15.59,43.0,573.0,7.73,4.95,20.0,50.0,24.6,9.15,7.87,431.0,-0.5
397,401, 8,     , ,16.91,14.97,24.386000000000003,12.07,14.88,54.0,718.0,6.5,3.34,90.0,22.0,24.5,8.29,8.01,413.0,-0.5
398,402,-2,     , ,18.05,11.24,24.706,7.44,18.52,68.6,678.0,10.91,16.95,68.0,30.6,23.4,8.107999999999999,6.575999999999999,536.0,1.5
399,403,-3,     , ,22.616,10.24,24.642000000000003,6.27,18.133999999999997,113.6,923.0,11.12,17.86,33.0,62.4,22.5,8.684000000000001,6.968000000000001,774.0,1.6
400,404,-1,     , ,20.618,10.85,22.827999999999996,6.75,18.308,190.4,704.0,11.38,18.09,80.0,92.8,23.1,9.707999999999998,6.616,556.0,1.7
401,405, 7,     , ,17.49,14.4,18.66,11.46,16.15,142.0,709.0,22.3,8.13,63.0,69.0,23.2,9.65,8.57,534.0,-1.9
402,406,-2,Sph  ,X,21.24,16.04,24.706,11.89,16.33,32.0,-12.0,0.04,0.04,74.0,16.8,27.4,6.840000000000001,2.96,41.0,3.7
403,407,10,Ir   ,L,16.48,15.15,19.41,11.86,14.6,66.0,340.0,7.45,3.46,29.0,59.0,24.7,9.15,8.24,468.0,-0.7
404,408,10,Tr   ,L,23.0,18.0,21.174,15.53,18.022,25.4,1287.8,10.4,1.72,56.0,5.6,25.3,6.616,7.119999999999999,1159.8,2.3
405,409,10,Ir   ,N,21.52,19.1,23.528,16.62,18.226000000000003,26.8,680.2,10.4,0.55,20.0,15.6,23.9,7.026000000000001,6.982000000000001,630.2,3.7
406,410,-1,dE   ,N,23.36,15.6,24.098000000000003,12.0,18.4,72.6,1073.0,11.07,3.71,16.0,33.4,24.4,8.516000000000002,6.8420000000000005,928.0,2.2
407,411,-3,Sph  ,L,23.17,18.3,23.028000000000002,14.1,18.164,27.8,699.8,10.4,1.87,45.0,11.0,25.8,7.053999999999999,7.042,639.2,2.2
408,412,-1,     , ,18.44,11.44,17.73,7.67,16.4,56.8,846.0,10.4,12.09,66.0,22.2,23.0,7.394,7.81,702.0,1.4
409,413, 8,     , ,15.51,13.23,24.954,10.36,14.16,142.0,634.0,12.02,7.72,60.0,71.0,23.3,9.66,8.83,589.0,-1.0
410,414,-2,Sph  ,N,21.64,16.9,24.642000000000003,12.71,17.4,53.8,630.0,10.4,2.14,31.0,29.8,24.7,8.038,7.41,483.0,2.4
411,415,10,Tr   ,N,23.94,18.0,25.146,15.52,17.1,37.8,832.0,10.4,0.97,60.0,17.8,24.0,7.42,7.53,691.0,2.0
412,416,-2,Sph  ,L,23.0,17.4,21.824,13.23,18.183999999999997,26.6,521.2,10.0,1.7,35.0,14.2,24.8,7.109999999999999,7.036,438.4,-0.8
413,417,-1,dE   ,N,23.0,17.1,24.126,12.92,17.4,37.8,828.0,10.4,1.37,41.0,17.8,23.9,7.42,7.41,692.0,1.2
414,418,10,Ir   ,N,19.2,17.9,25.136000000000003,15.5,18.619999999999997,35.4,476.0,9.2,1.18,53.0,15.2,24.7,7.3,6.578,451.0,3.4
415,419,10,Ir   ,N,20.35,16.0,25.146,13.6,19.752000000000002,44.0,765.0,9.2,2.91,61.0,19.6,24.8,7.996,5.892,741.0,4.9
416,420,-1,dE   ,N,23.0,16.2,24.642000000000003,12.01,17.4,37.2,824.0,10.4,2.23,30.0,17.0,24.1,7.524000000000001,7.41,669.0,1.6
417,421,-2,Tr   ,L,22.02,18.6,22.404,14.42,17.612000000000002,25.4,1321.0,10.4,1.13,57.0,5.6,25.0,6.616,7.286,1192.0,1.5
418,422, 8,     , ,13.38,11.67,14.71,9.06,11.86,248.0,611.0,9.2,13.7,80.0,113.0,23.0,10.31,9.52,587.0,3.3
419,423,10,Ir   ,N,16.9,15.8,24.386000000000003,13.4,18.540000000000003,84.6,511.0,9.2,4.38,90.0,38.0,25.4,8.82,6.038,487.0,4.7
420,424,10,Ir   ,L,18.83,17.09,23.58,14.73,17.4,18.0,116.0,3.7,1.29,38.0,4.0,26.1,6.39,6.51,263.0,1.6
421,425,10,Tr   ,L,23.0,18.3,21.659999999999997,15.85,18.744,32.4,774.8,10.4,2.04,72.0,9.8,26.0,6.808000000000002,6.802,668.4,1.3
422,426, 9,Im   ,N,17.27,15.0,24.93,12.49,16.42,94.0,1133.0,10.4,3.67,65.0,45.0,23.9,8.94,7.8,972.0,1.0
423,427,10,Ir   ,L,21.68,18.4,24.706,15.98,19.9,22.0,847.0,10.4,1.34,72.0,3.0,25.2,6.03,6.41,699.0,1.4
424,428,10,Ir   ,N,17.91,16.9,24.93,14.48,16.84,30.0,989.0,10.4,1.73,65.0,10.0,24.2,7.27,7.63,840.0,1.3
425,429,10,Ir   ,N,18.27,17.76,24.706,15.34,18.42,105.6,572.0,9.2,1.32,74.0,48.0,24.8,9.1,6.5,546.0,1.5
426,430,10,Ir   ,N,19.21,16.03,24.93,12.6,12.39,65.0,598.0,5.25,3.67,62.0,32.0,25.6,8.63,8.82,290.0,-0.7
427,431,10,Ir   ,N,16.56,15.5,24.93,13.07,19.18,132.4,619.0,9.2,2.92,66.0,63.6,24.2,9.52,6.224,594.0,1.0
428,432, 9,BCD  ,N,22.874000000000002,15.6,24.706,13.15,17.6,30.0,650.0,7.37,1.79,75.0,9.0,23.7,7.23,7.03,538.0,-0.5
429,433,-2,Sph  ,L,22.93,18.5,22.133999999999997,14.34,17.637999999999998,27.8,799.4,10.4,1.45,59.0,8.0,25.5,6.858,7.225999999999999,707.0,1.1
430,434,10,Ir   ,N,20.51,17.3,25.136000000000003,14.88,18.54,36.0,686.0,10.4,1.63,54.0,16.0,24.5,7.68,6.95,548.0,1.0
431,435, 1,     , ,16.74,11.12,18.66,7.37,17.84,113.0,695.0,12.08,13.26,60.0,56.0,22.5,9.69,7.36,556.0,0.2
432,436,10,Tr   ,L,23.8,18.6,22.657999999999998,16.18,18.454,26.0,664.2,10.4,1.04,67.0,6.0,24.8,6.664,6.839999999999999,646.4,1.3
433,437,-3,Sph  ,N,23.64,16.96,21.518,12.8,17.546,61.2,736.0,10.4,2.46,75.0,25.0,25.1,7.798,7.325999999999999,585.0,0.9
434,438,10,Ir   ,N,17.73,16.2,20.03,13.8,16.8,44.0,777.0,10.4,3.05,90.0,18.0,24.8,8.04,7.65,629.0,0.9
435,439,10,Ir   ,N,22.11,17.51,24.236,15.01,20.52,25.0,835.0,10.7,1.68,41.0,5.0,24.6,6.69,6.18,636.0,3.9
436,440, 9,BCD  ,H,15.89,15.61,16.83,14.0,16.93,41.0,646.0,8.02,1.59,58.0,19.0,23.3,7.82,7.37,585.0,-0.8
437,441,10,Ir   ,L,18.44,16.45,21.76,13.88,16.04,41.0,753.0,10.7,4.42,66.0,17.0,25.6,8.2,7.97,546.0,1.5
438,442,-1,Sph  ,X,23.0,16.2,20.302,11.9,17.272,40.0,681.0,10.7,8.13,45.0,20.4,26.7,7.766,7.382,606.0,4.7
439,443, 4,     , ,13.53,9.83,13.19,5.78,11.84,441.0,797.0,10.7,34.92,66.0,228.0,22.8,11.32,9.65,598.0,2.2
440,444,10,Ir   ,L,23.0,18.2,22.954,15.67,18.2,24.6,765.2,10.7,1.61,41.0,7.4,25.2,6.764,7.11,658.6,1.9
441,445, 6,     , ,13.49,10.69,14.38,7.04,12.27,308.0,696.0,9.9,13.86,80.0,144.0,21.8,10.52,9.42,777.0,-0.8
442,446, 9,Im   ,N,16.05,15.6,24.236,13.2,15.01,45.0,928.0,9.9,3.98,44.0,26.0,24.9,8.5,8.32,999.0,0.9
443,447,-3,Sph  ,L,22.28,12.61,24.642000000000003,8.45,17.38,48.0,86.0,0.21,0.75,36.0,19.8,26.6,7.272,4.02,-8.0,1.7
444,448, 1,     , ,17.01,11.85,15.63,7.42,15.17,254.0,631.0,10.8,18.2,73.0,120.0,23.8,10.48,8.33,492.0,0.9
445,449,10,Ir   ,N,19.15,16.7,25.146,14.28,17.92,42.0,630.0,11.0,1.27,61.0,19.0,23.2,7.72,7.25,490.0,1.6
446,450,10,Tr   ,N,19.32,16.15,24.268,13.69,18.0,25.0,588.0,10.3,2.47,47.0,5.0,24.2,6.78,7.16,451.0,2.6
447,451, 7,     , ,12.43,10.18,12.73,6.6,10.88,271.0,730.0,6.7,25.02,65.0,136.0,23.5,10.73,9.63,440.0,-1.1
448,452, 9,BCD  ,N,20.87,17.4,25.146000000000004,14.96,17.4,41.2,790.0,10.42,1.52,62.0,16.6,24.4,7.7620000000000005,7.41,659.0,1.8
449,453, 4,     , ,12.94,9.65,13.36,5.88,13.36,369.0,716.0,10.28,30.58,66.0,189.0,22.6,11.1,9.01,579.0,1.3
450,454,-1,dE   ,N,22.17,16.7,24.098000000000003,12.5,18.32,84.6,626.0,10.3,1.61,13.0,66.6,23.9,9.111999999999998,6.688,491.0,3.1
451,455,-2,Sph  ,X,23.0,18.4,22.954,14.21,17.95,28.8,665.0,10.0,2.1,42.0,11.2,26.2,7.048,7.117999999999999,600.2,0.1
452,456, 9,BCD  ,N,22.694,15.7,25.36,13.23,17.73,49.0,708.0,10.3,3.29,24.0,50.0,24.4,8.98,7.27,576.0,2.3
453,457, 9,Im   ,N,20.02,16.9,25.136000000000003,14.45,19.15,22.0,666.0,10.3,1.74,54.0,3.0,24.2,6.29,6.7,530.0,2.5
454,458,10,Ir   ,N,15.31,14.27,16.7,12.48,14.6,37.0,-94.0,4.35,1.89,69.0,15.0,23.6,7.68,7.77,99.0,0.1
455,459,10,Tr   ,N,23.0,16.7,24.116,14.29,18.74,26.0,575.0,9.0,1.94,51.0,7.0,24.6,6.99,6.74,644.0,-0.3
456,460,-3,Sph  ,X,23.0,17.6,24.386000000000003,13.39,19.88,86.2,173.0,0.18,0.21,90.0,39.0,29.2,8.62,2.88,-7.0,1.9
457,461,10,Ir   ,L,22.71,17.0,25.146000000000004,14.38,16.65,30.0,715.0,6.7,2.04,62.0,10.0,25.4,7.36,7.33,432.0,0.7
458,462,-3,Sph  ,X,22.81,16.9,22.75,12.7,19.88,46.4,132.0,0.16,0.34,48.0,19.6,29.8,7.144,2.78,-58.0,2.0
459,463,10,Ir   ,N,23.128,16.27,24.706,13.68,17.45,59.0,709.0,6.7,1.05,72.0,26.0,23.3,7.93,7.0,424.0,0.7
460,464,10,Ir   ,N,15.5,14.44,16.93,11.85,16.35,26.0,249.0,3.89,1.96,65.0,5.0,24.2,6.69,6.97,303.0,-0.2
461,465, 9,BCD  ,N,13.87,11.87,15.88,9.61,14.29,78.0,225.0,4.9,4.82,49.0,45.0,23.1,9.06,8.0,306.0,-0.4
462,466, 9,BCD  ,N,15.33,14.38,17.39,12.26,13.55,83.0,229.0,3.03,1.3,67.0,40.0,23.8,8.37,7.88,263.0,-0.4
463,467,10,Ir   ,N,18.79,15.85,25.178,12.9,16.43,40.0,654.0,6.08,2.74,58.0,18.0,24.8,8.03,7.33,362.0,-0.5
464,468,10,Ir   ,N,18.1,16.3,24.706,13.82,19.259999999999998,58.2,82.0,2.73,0.88,67.0,27.0,25.0,8.072,5.902,199.0,0.0
465,469,10,Ir   ,L,20.68,18.1,25.61,15.68,17.76,18.0,211.0,4.51,0.59,55.0,3.0,24.9,5.81,6.54,240.0,0.0
466,470,10,Ir   ,N,17.1,15.14,19.41,12.65,15.46,86.0,522.0,13.74,6.48,27.0,82.0,24.7,9.7,8.42,450.0,-0.7
467,471,10,Tr   ,L,23.0,17.3,24.098000000000003,14.91,18.15,20.0,594.0,9.0,1.82,22.0,7.0,25.1,6.97,6.98,685.0,-0.1
468,472,10,Ir   ,N,14.99,13.7,17.58,11.86,13.58,34.0,251.0,2.64,3.23,90.0,11.0,25.3,7.69,7.74,257.0,-0.4
469,473,10,Ir   ,L,22.624000000000002,16.6,21.7,13.6,15.65,28.0,644.0,5.22,1.5,49.0,10.0,24.9,7.23,7.51,367.0,-0.5
470,474,10,Ir   ,N,17.66,15.9,24.386000000000003,13.41,16.23,90.0,601.0,16.4,7.7,90.0,39.0,25.4,9.14,8.27,513.0,-0.1
471,475, 9,Im   ,N,18.08,16.35,24.93,13.89,18.96,79.4,590.0,7.45,2.58,81.0,34.4,25.2,8.446,5.870000000000001,544.0,-0.5
472,476, 8,     , ,17.77,14.84,19.41,12.09,16.73,100.0,590.0,16.6,9.22,51.0,56.0,24.7,9.53,8.08,560.0,-0.6
473,477,-1,     , ,22.122,13.43,24.93,9.55,19.652,173.2,696.0,10.3,5.02,65.0,91.0,23.1,9.499999999999998,6.029999999999999,788.0,-0.4
474,478,10,Ir   ,N,18.49,17.1,23.902,14.68,19.139999999999997,73.8,416.0,7.03,0.99,40.0,42.6,24.1,8.728,6.182,514.0,-0.3
475,479,10,Ir   ,N,20.69,18.2,24.642000000000003,15.63,17.4,33.8,565.0,6.27,0.61,38.0,13.2,24.2,7.114,6.97,458.0,-1.0
476,480,10,Ir   ,N,20.56,16.5,21.79,14.06,20.132,32.2,455.0,5.57,0.98,62.0,13.4,23.9,7.336,5.680000000000001,407.0,-0.6
477,481, 9,BCD  ,H,22.662,14.27,24.706,11.5,15.18,67.0,1114.0,8.5,3.29,71.0,31.0,23.4,8.56,8.12,871.0,-0.5
478,482, 8,     , ,16.67,15.05,23.664,12.88,16.47,117.0,617.0,23.2,5.55,62.0,57.0,23.0,9.33,8.48,588.0,-1.6
479,483,10,Ir   ,N,18.58,17.2,24.706,14.78,18.339999999999996,82.6,492.0,7.49,2.02,78.0,36.8,25.6,8.864,6.3580000000000005,547.0,0.9
480,484, 8,     , ,20.98,16.7,24.706,14.02,18.72,81.2,570.0,7.55,2.09,69.0,38.2,25.1,8.628,6.419999999999999,551.0,-0.2
481,485, 9,Im   ,N,14.46,13.19,16.61,10.76,13.85,54.0,210.0,4.31,3.67,69.0,24.0,24.1,8.41,8.06,290.0,-0.1
482,486, 8,     , ,16.29,13.7,17.94,10.79,16.11,147.0,565.0,15.0,6.85,65.0,71.0,23.0,9.6,8.24,517.0,-0.1
483,487,10,Ir   ,N,22.472,16.58,24.308,13.93,16.07,39.0,632.0,4.88,1.12,47.0,20.0,24.4,7.71,7.28,356.0,-0.3
484,488, 9,BCD  ,N,16.71,15.02,18.81,12.44,17.03,46.0,599.0,12.7,3.11,38.0,30.0,23.2,8.52,7.73,570.0,0.3
485,489, 8,     , ,17.28,15.2,25.026000000000003,13.16,19.032000000000004,70.6,529.0,6.69,1.73,56.0,32.8,23.5,8.174,5.9159999999999995,488.0,0.2
486,490, 8,     , ,18.66,16.7,24.642000000000003,14.02,18.779999999999998,46.8,534.0,6.74,1.37,38.0,26.6,24.5,7.922,6.23,492.0,0.5
487,491, 8,     , ,18.9,15.8,24.098000000000003,13.12,18.32,69.0,568.0,7.43,1.56,22.0,50.0,23.6,8.358,6.894,542.0,0.0
488,492, 8,Sm   , ,20.21,17.5,24.642000000000003,14.82,18.054,75.8,562.0,7.37,1.39,35.0,39.4,25.1,8.367999999999999,6.8420000000000005,538.0,0.4
489,493, 8,     , ,17.26,16.8,24.706,13.95,15.47,117.0,253.0,16.8,7.71,75.0,53.0,26.1,9.39,8.59,226.0,-0.3
490,494, 5,     , ,13.66,11.69,15.92,9.31,13.65,92.0,608.0,7.9,9.27,24.0,100.0,23.2,10.03,8.67,577.0,-0.2
491,495, 9,Im   ,N,17.36,15.5,21.58,12.0,18.54,37.0,339.0,4.83,1.31,90.0,15.4,23.9,7.454000000000001,6.038,341.0,0.3
492,496, 7,     , ,14.08,12.05,15.56,9.39,13.24,153.0,265.0,7.24,12.37,82.0,67.0,24.1,9.82,8.76,317.0,0.7
493,497,10,Ir   ,N,16.78,15.35,24.158,12.85,16.33,44.0,817.0,7.7,2.51,51.0,23.0,24.1,8.17,7.57,710.0,-0.8
494,498,-1,     , ,18.31,12.49,24.006,8.99,18.5,52.8,226.0,13.74,8.77,53.0,26.6,22.8,7.906000000000001,6.456,197.0,0.3
495,499, 9,Im   ,N,15.51,13.63,18.64,10.88,15.28,32.0,162.0,2.94,1.89,37.0,17.0,23.9,7.81,7.16,163.0,2.3
496,500, 8,     , ,17.44,15.6,24.706,13.99,16.18,64.0,131.0,17.3,6.8,70.0,29.0,24.8,8.83,8.34,101.0,-0.2
497,501, 9,BCD  ,N,15.02,13.5,17.18,10.79,14.42,49.0,235.0,2.82,1.79,32.0,39.0,23.7,8.49,7.46,239.0,0.9
498,502,10,Ir   ,N,19.05,17.4,24.116,14.98,19.298,52.8,225.0,2.68,0.37,51.0,26.6,24.3,7.906000000000001,5.869999999999999,196.0,-0.5
499,503,10,Ir   ,N,17.19,15.21,19.29,12.7,15.31,19.0,609.0,3.18,1.38,83.0,3.0,24.3,6.01,7.21,333.0,0.2
500,504,10,Ir   ,N,16.2,14.6,19.42,12.18,15.29,66.0,66.0,5.42,1.91,87.0,29.0,23.6,8.26,7.68,211.0,-0.2
501,505,10,Ir   ,N,18.61,16.16,24.706,13.75,16.57,34.0,2067.0,8.2,1.42,70.0,12.0,23.6,7.39,7.53,1923.0,-0.6
502,506,10,Tr   ,L,23.0,15.86,23.97,13.43,19.2,21.2,351.6,2.86,1.31,33.0,6.4,25.4,6.712000000000001,5.56,253.8,1.5
503,507, 8,     , ,15.17,14.36,24.158,12.25,14.76,89.0,956.0,8.8,3.44,52.0,49.0,23.5,8.98,8.32,957.0,-0.3
504,508, 7,     , ,14.62,12.9,16.06,10.0,13.93,88.0,861.0,8.0,10.65,36.0,64.0,24.6,9.71,8.57,787.0,-0.6
505,509, 8,     , ,16.5,14.79,18.79,11.94,14.93,117.0,473.0,12.9,7.67,73.0,53.0,24.7,9.4,8.58,551.0,0.6
506,510, 7,     , ,16.59,14.9,18.86,13.16,15.46,105.0,546.0,18.6,12.59,72.0,48.0,25.2,9.53,8.69,585.0,-1.3
507,511, 8,     , ,11.68,10.24,13.28,8.14,11.98,61.0,291.0,2.94,7.34,39.0,41.0,23.4,9.16,8.48,295.0,1.2
508,512,10,Ir   ,N,16.78,15.3,21.78,12.86,15.72,27.0,159.0,4.59,1.36,90.0,6.0,23.9,6.69,7.37,242.0,-0.1
509,513,10,Ir   ,L,21.2,16.67,25.026000000000003,14.25,15.6,24.0,2219.0,9.4,2.33,54.0,3.0,24.9,6.42,8.04,2094.0,0.2
510,514, 9,BCD  ,N,20.3,15.01,25.178,12.69,18.21,51.0,1406.0,9.1,4.77,58.0,25.0,24.8,8.54,6.97,1303.0,-0.1
511,515,10,Ir   ,N,17.45,15.95,22.6,13.29,15.76,21.0,174.0,4.21,1.04,67.0,3.0,24.1,5.95,7.28,256.0,0.1
512,516, 8,     , ,11.91,10.05,13.76,7.5,11.19,154.0,-3.0,4.45,27.39,73.0,70.0,24.9,10.2,9.15,157.0,-0.1
513,517,10,Tr   ,L,23.76,18.5,24.144,16.09,19.2,25.2,610.2,7.8,0.69,46.0,7.6,24.5,6.674000000000001,6.44,557.2,3.6
514,518,10,Ir   ,N,18.39,15.4,23.946,13.0,16.8,55.0,541.0,9.2,3.15,81.0,24.0,24.3,8.31,7.54,587.0,0.1
515,519, 6,     , ,12.85,10.88,14.63,7.72,11.02,170.0,247.0,4.49,23.76,90.0,74.0,25.0,10.18,9.23,259.0,0.5
516,520, 7,     , ,13.99,11.59,15.99,9.12,13.58,108.0,517.0,7.9,12.63,41.0,71.0,23.8,9.87,8.7,568.0,1.8
517,521, 9,Im   ,N,20.15,18.2,25.146,15.8,20.12,30.0,447.0,5.93,1.13,60.0,11.0,25.9,7.138,5.694,433.0,-0.4
518,522, 7,     , ,16.32,14.09,24.386000000000003,10.67,13.68,219.0,403.0,17.2,31.02,90.0,98.0,25.3,10.54,9.33,339.0,0.0
519,523,10,Ir   ,L,22.81,17.7,22.644,15.3,17.598000000000003,33.4,254.0,4.7,0.61,59.0,9.4,24.5,6.8340000000000005,6.639999999999999,303.8,0.9
520,524, 8,     , ,16.99,13.14,18.01,10.59,15.7,66.0,484.0,7.4,7.01,66.0,31.0,24.3,8.9,7.79,544.0,1.1
521,525, 8,     , ,18.4,16.83,24.706,14.16,18.619999999999997,35.8,420.0,6.54,1.68,76.0,28.2,25.1,8.304,6.354000000000001,477.0,-0.1
522,526,10,Ir   ,N,19.85,17.9,24.706,15.44,17.68,40.0,425.0,17.9,2.54,75.0,16.0,24.9,7.87,7.76,376.0,0.3
523,527,-1,Tr   ,N,22.18,16.5,24.4,12.31,17.95,28.4,577.4,9.0,2.02,24.0,17.8,24.5,7.454000000000001,7.018000000000001,562.6,-0.1
524,528, 9,Im   ,N,22.746000000000002,13.65,17.43,9.26,15.35,40.0,429.0,2.27,3.44,76.0,16.0,24.2,8.0,6.9,170.0,-0.6
525,529, 4,     , ,11.96,9.1,12.58,5.46,11.2,421.0,447.0,7.83,41.49,71.0,209.0,23.2,11.33,9.64,506.0,1.3
526,530,-1,Sph  ,L,24.46,18.5,24.242,14.34,17.912,22.2,636.0,7.8,0.83,37.0,7.8,24.9,6.8100000000000005,7.164,579.4,3.5
527,531,10,Ir   ,N,22.65,15.75,22.96,13.33,20.131999999999998,62.2,132.0,7.24,2.7,63.0,26.4,24.8,7.522,5.68,190.0,1.0
528,532,10,Ir   ,L,19.41,17.7,25.136000000000003,15.3,18.2,51.0,561.0,8.23,1.12,54.0,26.0,24.6,7.95,6.88,601.0,0.6
529,533,-3,Sph  ,N,22.29,17.0,24.4,12.84,17.208,34.6,532.6,7.8,0.86,24.0,25.6,23.5,7.9079999999999995,7.37,580.0,4.1
530,534,-3,Sph  ,L,23.0,18.6,24.119999999999997,14.4,18.11,26.8,680.2,7.8,0.67,22.0,15.6,24.5,7.026000000000001,7.0280000000000005,630.2,4.0
531,535,-1,dE   ,N,21.46,15.22,24.642000000000003,11.79,18.214000000000002,33.8,213.0,16.67,6.47,34.0,15.8,24.4,7.6240000000000006,7.031999999999999,187.0,0.1
532,536,10,Ir   ,L,18.67,16.67,24.698,14.31,16.34,23.0,480.0,4.71,1.06,26.0,6.0,24.7,6.62,7.14,344.0,-0.7
533,537,-3,Sph  ,L,22.46,20.5,24.534000000000002,16.33,18.72,27.0,520.6,7.8,0.65,31.0,16.4,26.3,7.352000000000001,6.668000000000001,437.0,3.8
534,538, 7,     , ,14.69,13.3,16.58,11.3,13.84,154.0,533.0,8.05,5.49,45.0,94.0,23.6,9.75,8.61,588.0,1.8
535,540,11,Ir   ,X,24.36,17.419999999999998,23.91,14.284,18.8,20.0,420.0,6.5,1.636,47.0,13.8,25.439999999999998,7.626,6.44,475.0,-0.1
536,541, 9,BCD  ,N,16.92,15.4,24.006,12.98,16.04,30.0,570.0,8.03,2.76,51.0,11.0,24.3,7.58,7.73,587.0,0.0
537,542,-3,Sph  ,L,23.59,19.4,24.422000000000004,15.23,18.503999999999998,28.8,675.6,7.8,0.58,41.0,11.2,25.0,7.048,6.944,554.4,3.2
538,543, 9,Im   ,N,16.2,13.55,23.49,10.77,15.05,37.0,463.0,7.06,4.89,60.0,16.0,24.0,8.15,8.01,516.0,0.5
539,544,10,Ir   ,L,20.53,16.88,25.026000000000003,14.4,18.04,24.0,1861.0,9.4,2.25,55.0,3.0,25.0,6.39,7.06,1764.0,0.3
540,545,10,Ir   ,L,19.75,16.7,24.93,14.28,16.87,40.0,567.0,7.6,1.83,63.0,17.0,24.8,7.78,7.35,582.0,0.1
541,546,10,Ir   ,N,22.696,15.9,25.146,13.5,16.37,32.0,726.0,9.7,3.0,61.0,12.0,24.6,7.67,7.76,727.0,0.2
542,547,-1,     , ,20.55,14.11,24.098000000000003,10.62,18.32,74.0,642.0,14.0,3.53,20.0,39.0,22.3,8.802,6.894,617.0,0.6
543,548,10,Tr   ,L,23.0,18.7,23.482,16.27,19.2,25.6,337.0,6.3,0.76,64.0,6.2,25.3,6.372000000000001,6.25,350.8,-0.5
544,549,10,Ir   ,L,19.04,15.95,24.642000000000003,13.5,18.24,25.0,1298.0,8.9,2.45,39.0,5.0,24.4,6.87,6.93,1205.0,-0.3
545,550,10,Ir   ,N,19.19,15.86,25.146,13.42,18.1,28.0,871.0,9.6,1.61,62.0,8.0,23.2,7.07,7.06,734.0,0.2
546,551,10,Ir   ,N,18.18,16.6,24.236,14.2,17.29,26.0,573.0,7.78,0.9,45.0,8.0,23.2,6.78,7.2,568.0,0.2
547,552, 7,     , ,18.19,15.25,24.386000000000003,12.12,16.47,157.0,569.0,24.4,15.84,86.0,69.0,25.1,9.94,8.52,539.0,-1.6
548,553,-3,Sph  ,L,23.61,18.4,22.683999999999997,14.23,17.052,26.2,501.2,7.8,0.89,60.0,9.0,24.9,7.029999999999999,7.297999999999999,467.6,2.7
549,554, 8,     , ,22.408,15.41,19.11,12.51,14.94,125.0,316.0,12.8,5.58,77.0,56.0,24.6,9.31,8.57,277.0,0.3
550,555,10,Ir   ,L,17.25,16.5,20.94,14.07,15.12,38.0,480.0,6.15,1.98,81.0,14.0,25.3,7.65,7.86,449.0,-0.5
551,556,10,Ir   ,N,17.4,15.2,24.706,12.78,15.31,65.0,1506.0,10.6,4.42,70.0,30.0,24.5,8.66,8.26,1354.0,0.7
552,557,10,Ir   ,L,22.822,17.3,24.93,14.86,16.53,53.0,273.0,19.5,3.48,71.0,24.0,24.8,8.35,8.3,235.0,-0.5
553,558, 9,Im   ,N,18.95,15.5,24.706,13.04,17.79,39.0,499.0,7.9,2.51,74.0,15.0,24.2,7.84,7.01,404.0,-0.8
554,559, 8,     , ,11.76,10.64,14.15,8.0,11.53,98.0,313.0,4.61,17.83,34.0,76.0,24.8,10.08,9.05,308.0,0.3
555,560, 8,     , ,22.616,14.5,24.642000000000003,11.85,13.74,58.0,722.0,10.5,8.5,38.0,40.0,25.3,9.19,8.88,836.0,-0.7
556,561,10,Ir   ,N,15.29,15.14,15.85,12.51,15.19,47.0,279.0,5.68,1.73,47.0,26.0,23.8,8.15,7.76,347.0,-0.2
557,562, 9,Im   ,N,22.518,16.4,24.706,13.98,16.75,65.0,372.0,14.0,2.74,66.0,31.0,24.1,8.48,7.92,338.0,0.5
558,563, 9,BCD  ,N,17.36,16.1,24.006,13.68,18.94,71.2,300.0,5.35,1.25,53.0,46.2,24.2,8.388,6.002,390.0,-0.3
559,564,-3,Sph  ,X,23.0,14.98,24.706,10.81,19.88,46.0,98.0,0.04,0.12,66.0,19.6,28.4,7.514,1.63,46.0,3.7
560,565,10,Ir   ,N,15.18,14.12,17.48,11.53,14.23,50.0,217.0,4.88,4.07,59.0,24.0,25.0,8.43,8.02,230.0,0.6
561,566, 9,Im   ,N,14.99,12.95,18.03,10.23,14.31,27.0,206.0,2.74,3.09,66.0,7.0,24.4,7.25,7.48,251.0,-0.4
562,567, 9,BCD  ,N,17.2,16.19,19.83,13.75,16.2,35.0,603.0,9.2,2.43,72.0,13.0,24.5,7.65,7.78,545.0,-0.5
563,568,10,Ir   ,L,18.27,16.8,23.42,14.37,17.48,16.0,602.0,7.43,1.85,53.0,3.0,25.0,6.33,7.08,542.0,-0.5
564,569, 8,     , ,10.99,9.99,12.55,7.25,12.35,98.0,201.0,4.21,8.3,45.0,60.0,22.6,9.54,8.64,249.0,0.4
565,570,10,Ir   ,N,16.19,14.98,20.47,12.57,15.03,54.0,275.0,6.89,3.21,72.0,24.0,24.6,8.33,8.0,290.0,0.0
566,571,10,Ir   ,N,18.46,14.9,24.386000000000003,12.47,18.49,27.0,565.0,4.6,2.09,83.0,6.0,24.4,6.95,6.26,443.0,-0.6
567,572,10,Ir   ,N,15.9,14.76,18.61,12.4,15.77,26.0,310.0,4.43,1.91,49.0,6.0,24.2,6.92,7.32,317.0,0.8
568,573, 7,     , ,14.6,12.93,16.54,10.55,13.91,108.0,644.0,8.4,7.67,76.0,48.0,23.8,9.32,8.62,588.0,-0.4
569,574, 8,     , ,14.88,13.67,17.26,11.01,14.11,43.0,538.0,8.9,7.37,27.0,37.0,24.5,9.08,8.59,582.0,0.2
570,575,10,Tr   ,X,23.0,14.2,22.276000000000003,11.77,15.772000000000002,52.0,123.6,4.07,4.56,90.0,29.4,25.7,8.488000000000001,7.294,243.4,1.3
571,576, 1,     , ,15.68,12.26,15.66,9.06,15.54,90.0,499.0,9.59,11.54,90.0,39.0,23.9,9.31,8.08,551.0,-0.1
572,577,10,Ir   ,N,17.47,15.01,19.83,12.56,16.15,54.0,407.0,8.9,2.43,59.0,26.0,23.4,8.29,7.77,445.0,0.4
573,578, 9,Im   ,N,16.25,14.13,20.46,11.73,16.05,39.0,385.0,7.14,4.38,68.0,16.0,24.3,8.11,7.62,450.0,0.5
574,579,10,Ir   ,N,19.07,14.9,23.846,12.47,18.98,25.0,469.0,5.2,1.36,40.0,5.0,23.2,6.63,6.17,344.0,-0.8
575,580, 9,Im   ,N,17.3,15.8,20.36,13.38,16.66,34.0,436.0,6.56,2.1,87.0,12.0,24.6,7.51,7.3,479.0,-0.1
576,581, 8,     , ,13.68,12.32,15.44,10.58,13.22,139.0,480.0,5.8,3.98,46.0,84.0,22.6,9.51,8.57,517.0,5.6
577,582, 7,     , ,12.19,9.76,13.06,7.35,11.6,173.0,586.0,5.8,10.55,62.0,86.0,22.0,9.96,9.22,623.0,4.3
578,583, 9,Im   ,N,17.81,15.6,24.93,13.18,16.5,44.0,1105.0,9.6,3.53,64.0,20.0,24.7,8.2,7.7,954.0,1.1
579,584,10,Ir   ,N,19.39,17.8,25.136000000000003,15.38,19.1,16.0,563.0,5.8,0.56,54.0,3.0,24.0,5.8,6.22,602.0,3.0
580,585,10,Ir   ,N,16.5,15.28,24.268,12.86,15.22,63.0,643.0,8.1,2.72,46.0,38.0,24.1,8.66,8.06,622.0,0.9
581,586, 9,Im   ,N,15.62,14.5,17.86,12.48,15.62,39.0,679.0,6.9,3.53,70.0,16.0,24.3,8.01,7.76,708.0,-0.1
582,587, 8,     , ,14.92,13.13,17.13,11.4,14.48,71.0,536.0,11.2,6.94,38.0,50.0,23.2,9.3,8.64,578.0,-0.1
583,588, 7,     , ,15.86,11.09,24.386000000000003,7.33,12.39,307.0,1134.0,9.7,31.95,90.0,141.0,23.6,10.87,9.35,978.0,0.1
584,589, 7,     , ,14.83,13.3,17.04,11.15,14.07,171.0,495.0,14.5,16.11,77.0,77.0,24.4,10.04,9.03,514.0,0.0
585,590,10,Ir   ,L,14.85,13.53,16.93,11.12,13.77,45.0,330.0,4.85,5.01,53.0,23.0,24.8,8.48,8.2,319.0,0.4
586,591, 9,BCD  ,H,15.22,14.1,24.268,11.5,15.9,49.0,934.0,10.1,2.68,46.0,28.0,22.5,8.39,7.98,925.0,0.6
587,592,10,Ir   ,L,20.22,18.44,24.098000000000003,16.04,17.95,23.0,719.0,10.0,0.97,13.0,11.0,24.6,7.17,7.15,740.0,-0.3
588,593,10,Ir   ,L,20.48,16.4,24.116,13.96,16.24,43.0,750.0,8.11,2.86,48.0,23.0,25.4,8.26,7.65,592.0,-0.4
589,594,10,Ir   ,N,17.51,16.3,24.386000000000003,13.88,16.18,34.0,838.0,6.9,2.12,83.0,12.0,25.0,7.52,7.54,836.0,0.4
590,595, 8,     , ,16.14,15.25,18.09,12.59,15.1,57.0,679.0,9.2,5.53,75.0,25.0,25.4,8.61,8.22,704.0,0.0
591,596, 8,     , ,14.01,13.2,16.24,11.21,13.28,110.0,802.0,9.8,8.56,49.0,63.0,24.1,9.59,9.0,811.0,0.0
592,597, 9,Im   ,N,17.73,16.5,24.386000000000003,14.05,16.38,41.0,605.0,7.9,2.73,90.0,16.0,25.4,7.9,7.58,641.0,1.2
593,598,10,Ir   ,H,16.81,15.7,24.698,13.18,17.24,55.0,1110.0,10.0,1.29,29.0,48.0,22.4,8.55,7.44,1003.0,0.8
594,599, 6,     , ,12.27,10.28,13.5,7.58,11.77,237.0,814.0,8.1,25.37,68.0,115.0,23.5,10.59,9.44,787.0,-0.2
595,600, 7,     , ,16.46,14.6,18.56,11.11,14.19,183.0,528.0,22.6,19.61,89.0,80.0,24.9,10.17,9.36,559.0,-1.8
596,601, 9,BCD  ,N,17.8,14.8,25.146,12.1,18.27,33.0,1790.0,7.5,3.09,61.0,12.0,24.1,7.74,6.77,1670.0,-0.8
597,602, 9,Im   ,N,15.43,13.31,24.706,11.2,15.66,105.0,1120.0,7.6,6.47,70.0,48.0,24.0,9.25,7.83,1024.0,-0.9
598,603,10,Ir   ,N,18.86,16.9,24.386000000000003,14.49,17.49,30.0,526.0,11.7,1.88,83.0,8.0,24.2,7.18,7.47,527.0,-0.3
599,604, 9,BCD  ,N,16.09,14.39,16.79,11.6,15.18,86.0,1632.0,9.8,3.68,62.0,42.0,23.5,8.88,8.24,1507.0,0.3
600,605,10,Ir   ,L,18.9,16.54,24.386000000000003,14.08,17.74,30.0,756.0,7.7,3.14,83.0,9.0,25.8,7.45,7.01,562.0,-0.2
601,606,10,Ir   ,N,15.99,15.74,19.38,13.32,16.54,27.0,458.0,6.61,1.63,65.0,7.0,23.9,6.94,7.36,484.0,-0.1
602,607, 9,Im   ,N,17.93,15.86,24.93,13.42,17.41,26.0,1638.0,7.2,1.21,63.0,5.0,23.2,6.59,7.08,1504.0,-0.1
603,608,10,Ir   ,N,19.01,16.3,24.706,13.82,17.39,36.0,1105.0,9.1,2.31,72.0,14.0,24.5,7.69,7.29,917.0,1.2
604,609, 9,BCD  ,N,15.95,14.89,24.706,11.74,16.48,76.0,1076.0,8.5,2.9,68.0,36.0,23.8,8.63,7.6,959.0,-0.5
605,610,-3,Sph  ,L,23.0,17.7,24.534,13.48,18.2,27.0,551.8,9.3,2.22,34.0,14.2,25.8,7.136,6.99,474.8,2.5
606,611,10,Ir   ,L,16.35,16.07,18.26,14.24,15.03,27.0,308.0,3.61,1.08,52.0,8.0,24.7,6.85,7.44,306.0,-0.2
607,612,10,Ir   ,N,16.94,15.96,18.16,13.54,15.26,44.0,553.0,8.5,3.08,64.0,20.0,25.0,8.14,8.09,609.0,0.4
608,613,-3,Sph  ,L,23.93,18.5,24.208000000000006,14.21,18.2,23.6,765.2,9.3,1.72,41.0,7.2,25.9,6.839999999999999,6.99,658.6,5.4
609,614,10,Ir   ,N,18.47,16.36,24.706,13.88,16.17,30.0,1005.0,8.2,2.13,71.0,9.0,24.6,7.32,7.69,913.0,-0.7
610,615, 1,     , ,14.98,8.98,16.73,4.96,14.78,736.0,1090.0,9.3,32.46,66.0,389.0,22.0,11.76,8.36,894.0,2.6
611,616, 8,     , ,13.13,10.89,14.31,7.76,13.44,132.0,151.0,5.47,9.55,70.0,61.0,23.1,9.62,8.43,284.0,-0.6
612,617,10,Ir   ,L,19.66,18.3,24.642000000000003,15.9,17.7,18.0,451.0,9.2,0.91,37.0,4.0,24.5,6.27,7.18,418.0,-0.3
613,618,10,Ir   ,N,20.35,17.5,24.706,15.08,18.05,27.0,446.0,8.5,0.83,67.0,6.0,23.7,6.57,6.97,470.0,0.0
614,619,-1,dE   ,H,23.0,18.4,24.098000000000003,14.7,17.8,40.8,1305.0,9.3,0.27,18.0,18.4,22.0,7.994,7.15,1109.0,6.5
615,620,-3,Sph  ,L,23.0,18.5,22.37,14.22,18.2,32.0,501.6,9.3,1.44,10.0,20.4,25.6,7.3759999999999994,6.99,512.4,3.1
616,621,10,Ir   ,N,23.284,16.4,24.706,13.97,17.69,23.0,1008.0,8.1,1.95,69.0,3.0,24.5,6.21,7.07,885.0,-0.7
617,622, 8,     , ,14.44,12.58,15.91,11.68,13.04,163.0,1039.0,10.1,16.22,64.0,79.0,24.6,10.07,9.12,912.0,0.2
618,623, 0,dS0em,N,20.38,13.7,18.51,9.81,17.5,38.0,852.0,7.35,3.49,53.0,13.2,23.3,6.914,7.06,713.0,-0.8
619,624,-3,Sph  ,L,23.0,18.0,24.534,13.69,18.2,26.6,551.8,9.3,1.99,34.0,14.2,25.7,7.136,6.99,474.8,3.8
620,625, 6,     , ,13.02,11.31,14.76,8.66,13.08,90.0,536.0,7.9,9.68,41.0,59.0,22.9,9.6,8.9,576.0,3.4
621,626,10,Ir   ,N,17.51,16.4,24.93,13.98,17.14,27.0,693.0,7.3,1.68,65.0,7.0,24.4,6.95,7.2,693.0,3.1
622,627, 7,     , ,14.56,13.03,16.44,9.75,14.1,51.0,606.0,7.9,3.84,39.0,33.0,22.7,8.69,8.49,646.0,3.8
623,628,-3,     , ,17.47,13.01,23.76,8.85,19.352,81.6,542.0,7.3,3.89,59.0,44.0,22.9,8.722,5.888,541.0,2.8
624,629, 7,     , ,11.45,9.75,13.96,6.47,10.86,183.0,583.0,7.38,33.69,86.0,81.0,23.7,10.41,9.72,581.0,1.9
625,630,10,Ir   ,N,14.79,13.79,16.88,11.12,14.38,36.0,350.0,4.57,6.92,32.0,24.0,25.9,8.68,7.9,377.0,1.4
626,631,-2,Sph  ,L,23.0,17.4,23.492,13.24,18.596,30.4,398.4,7.3,1.65,64.0,11.2,25.4,7.216000000000001,6.4239999999999995,388.6,3.1
627,632,-1,Sph  ,L,23.0,19.0,23.474,14.84,18.05,17.8,600.2,7.3,0.75,57.0,3.0,25.3,6.136,6.804,603.0,3.1
628,633,10,Ir   ,L,17.47,16.6,25.178,14.2,15.48,69.0,443.0,7.45,2.31,59.0,35.0,25.3,8.52,7.88,544.0,0.2
629,634,10,Ir   ,L,19.36,17.2,24.386000000000003,14.78,17.2,16.0,402.0,6.09,2.4,83.0,3.0,26.4,6.25,7.02,444.0,0.3
630,635,10,Ir   ,L,21.41,17.43,24.25,14.98,17.52,22.0,293.0,4.31,0.75,47.0,3.0,24.8,6.01,6.59,346.0,1.0
631,636, 8,     , ,11.6,10.96,14.04,8.0,11.51,146.0,638.0,5.4,19.0,87.0,64.0,24.5,9.95,9.19,635.0,0.0
632,637,10,Tr   ,L,23.0,17.3,22.612000000000002,14.6,17.8,34.8,379.6,3.6,0.6,81.0,6.8,24.4,6.538000000000001,6.32,329.6,1.1
633,638,10,Ir   ,L,15.9,16.0,17.73,13.58,14.55,50.0,607.0,9.1,5.79,90.0,21.0,26.3,8.45,8.43,616.0,-0.1
634,639, 9,BCD  ,N,15.99,14.82,24.93,12.41,15.58,60.0,955.0,9.9,3.13,65.0,28.0,23.6,8.47,8.09,935.0,-0.1
635,640,10,Ir   ,N,22.887999999999998,15.72,24.93,13.52,15.98,40.0,624.0,5.32,1.28,64.0,17.0,23.7,7.63,7.39,367.0,-0.1
636,641, 8,     , ,18.39,14.0,19.88,11.91,17.18,71.0,849.0,6.8,4.98,74.0,32.0,24.5,8.77,7.13,754.0,-1.0
637,642,10,Ir   ,L,15.6,14.44,17.04,12.11,13.59,78.0,589.0,5.45,4.57,90.0,34.0,25.1,8.79,8.37,336.0,-0.1
638,643, 9,BCD  ,H,17.37,15.3,24.698,12.45,18.27,23.0,1485.0,9.8,1.59,27.0,5.0,22.6,6.75,7.01,1373.0,0.0
639,644,10,Ir   ,N,17.9,15.8,24.93,13.35,18.5,29.0,1142.0,7.4,2.57,78.0,8.0,24.7,7.28,6.67,1038.0,-0.9
640,645, 9,BCD  ,N,17.85,15.25,24.236,12.43,17.8,65.0,844.0,11.0,2.86,44.0,41.0,23.6,8.74,7.29,817.0,-0.5
641,646, 9,Im   ,N,15.35,14.6,18.36,12.12,15.46,57.0,508.0,8.9,3.58,48.0,33.0,23.9,8.65,8.05,599.0,0.1
642,647,10,Ir   ,L,16.09,15.12,19.52,12.7,14.55,30.0,331.0,5.4,2.29,42.0,12.0,24.5,7.61,7.98,351.0,0.2
643,648, 8,     , ,18.79,16.8,24.386000000000003,14.13,17.02,91.0,519.0,23.4,6.88,84.0,40.0,25.4,9.1,8.26,521.0,-1.6
644,649,10,Ir   ,L,22.746000000000002,18.0,24.706,13.5,15.55,32.0,413.0,3.16,1.18,75.0,11.0,24.0,7.19,7.11,154.0,-0.4
645,650,10,Ir   ,N,15.16,13.43,17.66,11.73,14.77,67.0,468.0,5.8,3.53,41.0,44.0,23.6,8.9,7.95,558.0,-0.3
646,651, 8,     , ,17.36,13.7,24.236,10.99,16.04,43.0,1337.0,9.0,6.22,43.0,25.0,24.1,8.65,7.82,1170.0,0.3
647,652,-1,Tr   ,L,23.0,17.5,23.854,13.34,17.102,30.0,220.0,5.4,1.15,24.0,9.6,25.4,6.984,6.87,266.8,1.6
648,653, 7,     , ,14.26,12.63,17.72,10.49,14.08,123.0,1411.0,7.3,8.49,82.0,54.0,23.8,9.46,8.43,1222.0,-0.5
649,654,-3,Tr   ,L,23.0,17.62,24.25,13.47,16.856,33.6,480.2,4.74,0.83,73.0,9.2,25.1,6.654000000000001,6.806,315.0,0.7
650,655, 9,Im   ,N,18.86,17.1,24.706,14.69,17.59,36.0,513.0,7.84,1.06,69.0,14.0,24.0,7.36,7.08,572.0,0.5
651,656,10,Ir   ,N,18.05,16.2,24.006,13.69,15.64,28.0,694.0,9.4,2.28,54.0,9.0,24.3,7.3,8.02,565.0,0.2
652,657, 8,     , ,22.490000000000002,16.2,21.38,13.51,16.38,87.0,512.0,20.4,6.88,60.0,44.0,25.1,9.19,8.4,495.0,-0.9
653,658, 2,     , ,11.9,8.7,13.21,5.11,13.36,207.0,308.0,4.66,20.68,38.0,150.0,23.0,10.73,8.32,352.0,-0.1
654,659,10,Ir   ,L,21.23,17.5,24.642000000000003,15.01,18.15,18.0,572.0,8.83,1.38,39.0,4.0,24.6,6.4,6.96,644.0,0.4
655,660,10,Ir   ,N,17.48,16.39,24.268,14.0,16.45,37.0,1248.0,9.2,2.27,50.0,18.0,24.6,7.91,7.68,1221.0,-0.5
656,661,10,Ir   ,N,17.71,16.9,24.706,14.39,16.51,33.0,557.0,5.5,1.54,75.0,11.0,25.3,7.36,7.21,510.0,-0.4
657,662, 9,BCD  ,H,15.04,13.37,24.268,10.82,14.7,77.0,722.0,9.7,5.39,49.0,44.0,23.2,9.09,8.43,598.0,0.1
658,663,10,Ir   ,N,17.97,17.0,24.93,14.51,17.51,44.0,1071.0,10.4,2.64,78.0,18.0,25.2,7.99,7.36,953.0,-0.1
659,664, 9,Im   ,N,15.9,14.59,17.36,12.03,14.01,68.0,821.0,8.0,5.93,90.0,29.0,25.0,8.77,8.54,731.0,-0.1
660,665,10,Ir   ,N,14.88,14.1,18.19,12.33,13.16,80.0,374.0,4.04,2.5,49.0,46.0,24.3,8.79,8.28,354.0,0.4
661,666,10,Ir   ,L,18.32,16.6,24.706,14.21,17.02,53.0,628.0,15.3,5.4,66.0,24.0,25.6,8.57,7.89,604.0,0.3
662,667,10,Ir   ,L,18.37,17.01,24.268,14.4,16.8,29.0,645.0,5.78,1.25,47.0,11.0,24.7,7.24,7.14,409.0,-0.2
663,668,10,Ir   ,L,18.86,16.9,24.706,14.47,15.79,25.0,419.0,5.5,1.87,68.0,4.0,25.8,6.46,7.5,362.0,-0.5
664,669,-3,Sph  ,N,19.884,16.42,20.27,11.44,19.7,24.2,369.0,4.29,1.11,47.0,9.8,23.8,6.795999999999999,5.72,328.2,0.8
665,670,-3,Tr   ,L,23.0,16.9,24.324,12.73,17.8,28.0,409.0,6.0,1.99,37.0,10.2,25.7,7.0280000000000005,6.77,389.8,-0.9
666,671,10,Ir   ,N,18.0,15.97,20.49,13.5,16.58,56.0,563.0,6.49,1.6,41.0,36.0,24.1,8.38,7.32,474.0,-1.0
667,672, 2,     , ,13.92,9.3,13.96,5.33,13.38,302.0,409.0,4.37,17.75,63.0,155.0,23.1,10.7,8.26,365.0,-0.5
668,673,-3,Sph  ,X,21.43,16.95,24.706,12.81,16.6,29.2,-129.0,0.16,0.11,70.0,10.2,27.5,7.12,4.1,-113.0,2.0
669,674, 8,     , ,22.122,14.7,24.93,11.8,16.59,53.0,1267.0,8.7,7.62,64.0,25.0,25.5,8.73,7.57,1173.0,0.4
670,675,10,Ir   ,N,15.41,14.79,17.23,12.9,15.24,26.0,217.0,2.13,1.05,27.0,11.0,24.5,7.14,6.89,139.0,-0.8
671,676,10,Ir   ,N,16.83,15.26,24.386000000000003,12.81,15.72,46.0,1318.0,6.5,1.59,87.0,19.0,23.4,7.81,7.67,1199.0,-0.9
672,677, 9,Im   ,N,13.6,12.9,14.49,10.46,13.67,103.0,842.0,7.3,7.48,90.0,45.0,24.2,9.24,8.59,861.0,0.4
673,678,10,Ir   ,L,18.83,16.5,24.93,14.0,15.62,37.0,825.0,6.9,3.01,64.0,15.0,25.9,7.9,7.76,618.0,-0.6
674,679,10,Ir   ,N,17.25,15.08,21.08,12.07,15.22,94.0,755.0,7.3,2.84,53.0,51.0,23.9,8.94,7.97,555.0,2.2
675,680,-2,Sph  ,L,23.0,17.4,23.842000000000002,13.15,17.958000000000002,27.2,158.6,4.4,1.03,28.0,7.4,25.4,6.948,6.296,249.0,2.3
676,681, 8,     , ,14.59,13.5,16.21,10.38,12.66,113.0,744.0,7.3,16.77,90.0,49.0,26.1,9.67,8.99,545.0,1.5
677,682,10,Ir   ,N,19.81,16.29,22.6,13.42,19.53,15.0,744.0,3.48,1.36,47.0,3.0,25.0,6.27,5.6,481.0,1.4
678,683,-2,Sph  ,L,23.0,17.3,24.598000000000003,13.11,17.972,27.0,161.4,4.4,1.15,55.0,14.0,25.6,6.9799999999999995,6.36,249.2,1.0
679,684,10,Ir   ,N,18.07,16.33,21.07,13.47,15.58,33.0,617.0,5.78,1.65,62.0,12.0,24.5,7.47,7.62,364.0,-0.3
680,685, 6,     , ,21.145999999999997,9.28,12.61,4.49,11.76,361.0,563.0,3.8,34.38,86.0,169.0,23.5,11.05,8.79,299.0,1.0
681,686,-1,Tr   ,L,22.95,16.8,22.400000000000002,12.52,17.8,32.4,492.2,5.0,2.73,51.0,10.6,26.6,6.982000000000001,6.61,424.2,-0.7
682,687, 8,     , ,13.47,12.02,16.03,9.72,13.3,35.0,321.0,4.7,9.12,23.0,31.0,24.7,9.01,8.36,357.0,0.9
683,688, 9,Im   ,N,14.7,13.31,18.74,11.14,14.04,46.0,31.0,4.57,5.4,68.0,20.0,24.9,8.41,8.04,196.0,0.1
684,689, 9,BCD  ,N,16.77,14.79,25.178,12.55,16.01,57.0,959.0,7.9,2.99,59.0,28.0,23.6,8.44,7.72,765.0,-0.4
685,690,10,Ir   ,N,17.7,16.03,20.79,13.64,15.94,25.0,224.0,4.55,1.12,52.0,3.0,24.3,6.16,7.27,304.0,0.5
686,691, 9,Im   ,N,16.75,14.75,19.81,12.2,18.54,61.6,-58.0,1.99,1.23,90.0,27.4,24.9,8.174,6.038,145.0,-0.3
687,692,10,Ir   ,N,16.79,15.09,24.006,10.8,15.35,59.0,684.0,7.8,2.45,55.0,31.0,23.6,8.43,7.98,461.0,-0.9
688,693, 9,Ir   ,L,16.65,13.29,20.69,9.04,15.27,62.0,400.0,3.8,5.6,62.0,30.0,25.0,8.77,7.38,140.0,2.2
689,694,-3,Sph  ,L,23.0,17.3,24.228,12.85,17.8,27.4,215.0,3.6,0.93,36.0,6.4,25.3,6.587999999999999,6.32,199.0,1.4
690,695, 7,     , ,14.81,12.85,16.43,9.74,13.3,178.0,407.0,6.61,12.97,90.0,78.0,24.8,9.96,8.65,476.0,-0.1
691,696,-3,Sph  ,L,23.0,17.75,25.37,13.2,20.9,19.2,129.8,4.21,0.84,62.0,4.4,25.1,6.33,5.22,253.0,1.0
692,697, 9,BCD  ,N,16.71,14.93,18.64,12.59,17.832,66.6,555.0,8.33,2.42,55.0,31.8,23.5,7.9879999999999995,6.866,608.0,0.6
693,698,10,Tr   ,L,20.48,16.4,22.478,14.0,18.240000000000002,97.6,529.0,8.06,2.7,42.0,64.6,25.3,9.556000000000001,6.890000000000001,588.0,0.5
694,699,-1,Sph  ,L,23.0,14.59,25.37,10.12,21.4,71.6,784.0,3.82,2.58,34.0,38.0,24.7,8.672,4.94,528.0,2.1
695,700,-1,Tr   ,N,19.18,14.21,25.026000000000003,11.24,15.8,47.6,647.0,3.6,1.35,56.0,23.8,22.9,7.837999999999999,7.12,394.0,2.0
696,701,10,Ir   ,N,16.39,15.45,19.14,13.45,15.96,19.0,150.0,4.19,1.32,67.0,3.0,24.2,6.05,7.19,230.0,0.4
697,702,10,Tr   ,L,23.36,18.2,23.375999999999998,15.8,19.2,24.6,512.2,6.0,0.74,18.0,12.0,24.9,6.888,6.21,428.4,-0.3
698,703,10,Ir   ,N,14.66,12.97,17.31,11.11,13.14,59.0,191.0,4.33,4.79,90.0,25.0,24.4,8.55,8.35,270.0,0.4
699,704,10,Ir   ,L,17.69,18.0,24.116,15.61,16.52,30.0,242.0,4.2,0.94,51.0,11.0,26.0,7.14,6.97,328.0,0.3
700,705,10,Ir   ,N,15.79,14.46,18.81,12.17,14.68,48.0,262.0,4.41,3.65,90.0,20.0,25.3,8.22,7.75,348.0,0.4
701,706,10,Tr   ,L,24.26,18.7,24.474,16.29,18.0,29.6,613.2,8.9,1.47,27.0,27.0,26.0,7.906000000000001,6.924000000000001,622.0,2.7
702,707, 4,     , ,12.47,9.32,13.36,5.61,11.55,381.0,500.0,8.99,42.22,58.0,211.0,23.5,11.34,9.62,562.0,0.1
703,708, 9,BCD  ,N,22.503999999999998,15.6,24.236,13.2,19.74,68.8,324.0,5.04,1.25,45.0,46.8,23.8,8.786000000000001,5.6659999999999995,368.0,0.3
704,709,10,Ir   ,L,21.5,17.6,22.351999999999997,15.19,17.759999999999998,39.4,727.2,10.0,1.82,64.0,15.6,25.2,7.465999999999999,7.184,657.8,0.1
705,710, 6,     , ,12.78,10.52,13.43,7.55,12.34,74.0,668.0,5.45,17.33,29.0,66.0,23.9,9.94,8.87,469.0,-0.1
706,711,10,Ir   ,N,18.34,17.1,24.169999999999998,14.71,17.63,27.0,925.0,7.2,1.26,83.0,6.0,24.6,6.72,7.0,908.0,-0.7
707,712,10,Ir   ,L,18.94,17.1,25.37,14.5,15.53,24.0,572.0,5.22,1.11,78.0,3.0,24.8,5.93,7.56,345.0,0.9
708,713,10,Tr   ,L,23.0,18.13,25.37,15.51,19.7,25.0,427.8,4.6,0.93,54.0,7.6,25.7,6.26,5.78,425.6,1.0
709,714,10,Ir   ,L,19.01,16.14,24.236,13.46,18.1,69.0,741.0,3.98,1.08,45.0,34.8,24.3,8.334,6.29,490.0,1.7
710,715, 1,     , ,21.145999999999997,10.28,16.99,6.92,12.48,204.0,464.0,3.4,13.44,90.0,91.0,23.9,10.11,8.4,227.0,0.9
711,716,-3,Sph  ,L,23.0,15.68,25.37,10.98,20.1,22.4,124.8,3.87,2.15,48.0,6.6,25.1,6.44,5.47,201.2,2.6
712,717,-3,Sph  ,X,23.0,18.5,25.37,13.82,18.0,25.2,192.6,3.94,1.09,34.0,6.4,26.4,6.712000000000001,6.32,181.0,2.1
713,718,-3,Tr   ,L,21.5,17.65,25.37,13.28,19.6,27.6,371.2,4.6,0.73,41.0,11.2,24.7,6.806,5.82,360.8,0.8
714,719,-3,Tr   ,L,21.73,17.53,25.37,13.11,19.7,26.2,501.4,4.6,1.0,77.0,6.8,25.2,6.7219999999999995,5.78,431.8,0.5
715,720,10,Ir   ,L,18.64,16.67,23.0,13.42,17.06,17.0,494.0,4.63,1.55,60.0,3.0,25.3,6.18,6.84,271.0,1.2
716,721,-2,     , ,12.85,7.84,12.18,3.94,12.56,477.0,556.0,3.75,42.65,45.0,318.0,23.7,11.7,8.46,310.0,1.0
717,722,10,Ir   ,N,16.48,14.41,19.49,11.25,15.42,33.0,420.0,4.97,2.45,90.0,11.0,23.9,7.53,7.56,200.0,2.0
718,723,10,Tr   ,L,23.0,17.7,22.875999999999998,14.95,17.8,34.0,175.4,3.6,0.58,9.0,20.4,24.6,7.3759999999999994,6.32,294.8,2.1
719,724, 8,     , ,15.32,12.91,16.54,10.35,13.28,80.0,514.0,3.73,3.93,44.0,50.0,23.8,9.06,8.16,272.0,2.9
720,725,-3,Sph  ,X,23.0,13.94,24.706,9.79,16.34,22.4,31.0,0.22,0.93,70.0,6.6,28.3,6.362,4.5,62.0,1.6
721,726,10,Ir   ,N,18.01,17.3,24.706,14.91,18.72,72.6,395.0,8.02,1.03,67.0,36.6,24.1,8.712,6.566,497.0,1.1
722,727, 9,BCD  ,H,17.55,15.33,24.268,12.6,17.0,50.0,650.0,6.5,1.93,47.0,28.0,23.5,8.26,7.16,457.0,-0.6
723,728, 8,     , ,13.02,11.73,15.01,9.51,12.66,115.0,201.0,4.66,6.88,54.0,62.0,23.7,9.49,8.6,339.0,-0.4
724,729, 5,     , ,11.34,8.61,12.41,5.5,12.15,175.0,446.0,8.4,39.25,53.0,96.0,22.9,10.62,9.32,538.0,0.4
725,730, 0,     , ,14.39,10.45,14.69,6.25,14.89,165.0,455.0,7.66,15.79,25.0,171.0,23.1,10.73,8.14,548.0,0.5
726,731,10,Ir   ,N,23.066000000000003,14.12,17.63,11.57,14.73,46.0,56.0,2.69,1.66,63.0,21.0,24.3,7.93,7.3,181.0,-0.5
727,732, 9,BCD  ,N,23.312,16.6,25.178,14.2,18.54,20.0,360.0,6.8,1.64,59.0,3.0,24.8,6.21,6.58,356.0,-0.8
728,733,-1,Tr   ,L,21.82,16.7,23.254,12.57,16.574,38.6,551.0,8.0,2.24,63.0,15.6,25.2,7.638,7.486,510.8,1.0
729,734,-3,     , ,22.7,11.62,22.61,8.48,17.0,29.0,583.0,3.47,4.35,37.0,12.2,22.9,6.946,6.61,334.0,1.3
730,735, 7,     , ,15.88,14.33,17.51,11.67,14.16,126.0,359.0,8.0,7.39,90.0,55.0,25.1,9.41,8.47,456.0,1.4
731,736,10,Ir   ,N,15.3,13.55,17.01,11.5,15.54,40.0,229.0,4.51,2.75,39.0,24.0,23.7,8.28,7.42,342.0,-0.2
732,737, 8,     , ,21.145999999999997,11.71,15.56,8.2,12.11,147.0,827.0,3.6,16.92,90.0,64.0,25.4,9.91,8.6,583.0,1.8
733,738,10,Ir   ,L,18.0,15.49,23.66,12.64,16.27,31.0,577.0,5.25,2.46,87.0,9.0,24.9,7.38,7.26,367.0,1.3
734,739,-3,Sph  ,X,23.72,14.3,25.37,10.03,17.6,42.8,175.4,4.68,8.19,90.0,18.6,26.6,7.831999999999999,6.63,264.6,1.7
735,740,10,Ir   ,N,17.88,15.9,24.706,13.49,18.42,88.8,480.0,7.74,2.13,70.0,42.8,24.3,9.172,6.5,565.0,1.0
736,741, 5,     , ,10.65,8.2,11.66,4.62,9.3,261.0,519.0,4.92,28.19,28.0,254.0,22.9,11.32,10.0,307.0,0.0
737,742,10,Ir   ,N,19.45,17.3,24.25,14.76,17.35,20.0,591.0,4.37,0.26,20.0,7.0,22.3,6.21,6.67,371.0,0.7
738,743,10,Ir   ,N,16.56,15.06,18.61,12.6,14.41,56.0,587.0,4.61,1.91,45.0,34.0,24.2,8.4,7.9,380.0,1.4
739,744,10,Ir   ,N,17.82,16.5,24.25,13.8,15.35,37.0,492.0,4.83,0.78,38.0,22.0,23.5,7.65,7.56,258.0,0.3
740,745, 9,BCD  ,H,16.37,13.23,17.3,9.85,14.73,77.0,361.0,3.4,2.14,37.0,56.0,23.1,8.89,7.5,122.0,1.3
741,746,10,Ir   ,N,15.89,14.47,18.05,11.53,16.29,31.0,276.0,4.27,2.05,55.0,11.0,24.1,7.5,7.08,275.0,-0.1
742,747,10,Ir   ,N,15.65,14.22,17.82,11.85,14.9,39.0,214.0,3.01,2.06,65.0,16.0,24.7,7.81,7.33,284.0,-0.6
743,748, 8,     , ,12.82,10.87,13.21,8.29,13.74,67.0,407.0,3.56,7.27,69.0,31.0,23.5,8.91,7.94,193.0,0.6
744,749,10,Ir   ,N,16.56,14.56,18.7,10.96,16.43,22.0,576.0,4.41,2.71,59.0,3.0,24.6,6.43,7.05,369.0,0.9
745,750, 8,     , ,15.34,12.6,17.13,9.5,14.99,35.0,478.0,4.53,4.69,54.0,15.0,23.8,8.1,7.65,269.0,1.2
746,751,-3,Sph  ,L,22.026,18.1,24.564,13.64,17.8,24.2,255.6,3.93,0.7,36.0,9.8,25.3,6.836,6.4,224.6,1.7
747,752,-2,Sph  ,L,23.0,16.32,25.37,11.78,19.2,35.6,600.0,3.58,1.41,34.0,18.2,25.1,7.45,5.76,360.0,1.8
748,753, 9,Im   ,N,23.202,16.3,25.136000000000003,13.91,18.42,77.2,438.0,7.44,1.68,53.0,57.0,24.3,8.796000000000001,6.518000000000001,543.0,1.0
749,754,10,Ir   ,N,16.07,15.69,18.86,13.3,15.49,38.0,663.0,8.9,3.4,48.0,19.0,24.9,8.16,8.03,730.0,0.4
750,755,-3,Sph  ,L,20.115999999999996,18.0,25.37,13.52,17.8,30.2,277.4,3.63,0.56,90.0,8.8,24.8,6.83,6.33,315.4,1.8
751,756,10,Ir   ,L,23.128,14.02,16.39,11.32,13.82,58.0,544.0,3.4,3.3,75.0,26.0,24.9,8.4,7.87,311.0,1.2
752,757,-3,Sph  ,L,22.332,17.41,25.37,13.06,19.7,18.2,173.6,3.6,1.04,58.0,3.0,25.8,6.076,5.56,165.8,1.1
753,758,-3,Sph  ,L,21.012,17.57,24.310000000000002,12.99,20.9,24.4,233.0,3.84,0.83,41.0,11.2,25.1,6.862,5.14,276.8,1.5
754,759,-3,Sph  ,L,23.0,17.6,25.37,13.26,20.9,25.2,201.0,4.6,1.14,90.0,7.4,25.6,6.622,5.3,216.6,1.4
755,760,10,Ir   ,L,22.548,14.2,24.386000000000003,11.5,13.18,71.0,686.0,3.6,3.94,83.0,31.0,23.6,8.64,8.17,438.0,0.8
756,761,-3,Sph  ,L,18.940000000000005,17.5,21.93,12.84,17.8,22.8,436.2,3.66,0.96,48.0,6.4,25.3,6.43,6.34,303.2,1.3
757,762,10,Ir   ,L,22.818,17.6,23.902,14.9,16.4,39.0,582.0,5.75,0.83,41.0,23.0,24.4,7.69,7.29,359.0,-0.1
758,763,10,Ir   ,L,23.142000000000003,17.3,25.026000000000003,14.4,17.8,39.4,507.0,3.98,1.96,55.0,19.8,26.5,7.376,6.41,268.0,1.1
759,764, 8,     , ,13.69,11.0,15.21,8.2,13.81,33.0,326.0,3.45,5.98,37.0,18.0,23.2,8.36,7.88,108.0,0.8
760,765,10,Ir   ,N,15.98,14.45,19.26,12.04,15.1,29.0,188.0,3.22,2.18,90.0,8.0,24.8,7.17,7.31,254.0,-0.6
761,766,10,Ir   ,L,22.972,17.5,25.146000000000004,14.6,16.06,39.0,529.0,5.73,1.05,62.0,17.0,24.5,7.53,7.42,291.0,-0.4
762,767,10,Ir   ,L,23.62,16.5,21.788,14.1,17.562,35.0,461.8,8.0,1.96,65.0,15.6,24.7,7.524000000000001,7.0840000000000005,455.8,0.0
763,768,10,Ir   ,L,19.69,16.88,26.06,14.09,18.12,14.0,287.0,2.59,0.65,51.0,3.0,25.1,5.89,5.91,209.0,-0.9
764,769, 8,     , ,22.662,13.76,17.35,11.04,14.24,78.0,140.0,7.21,8.25,74.0,35.0,25.3,9.08,8.35,272.0,1.8
765,770,10,Ir   ,N,16.73,15.3,19.76,12.31,15.77,28.0,221.0,3.08,1.06,30.0,14.0,24.2,7.36,7.0,280.0,-0.6
766,772,-2,Ir   ,L,23.0,17.5,23.28,13.36,17.950000000000003,28.8,704.0,10.0,2.06,42.0,11.2,25.3,7.048,7.118,649.0,-0.4
767,773, 9,BCD  ,N,19.22,15.11,23.86,12.0,17.36,17.0,561.0,4.53,1.83,53.0,3.0,24.1,6.32,6.7,350.0,0.5
768,774,-3,Sph  ,X,23.0,12.6,24.706,8.41,19.192,44.6,198.0,0.05,0.77,64.0,21.6,29.9,7.688,5.806,219.0,3.6
769,775,-1,dE   ,N,21.6,15.77,23.97,13.72,19.160000000000004,55.0,348.0,8.32,2.58,49.0,37.4,24.5,8.751999999999999,6.224,482.0,0.3
770,776,-2,Sph  ,X,22.45,16.32,25.136000000000003,12.15,19.88,26.6,-117.0,0.04,0.08,51.0,9.0,29.0,6.822,1.62,-156.0,3.8
771,777,-2,Sph  ,X,23.0,13.66,24.066,9.49,19.88,75.2,99.0,0.07,0.38,64.0,33.6,28.7,8.318,2.01,69.0,3.2
772,778, 7,     , ,14.93,12.78,24.954,10.34,14.22,98.0,1220.0,8.1,8.65,60.0,49.0,23.9,9.38,8.46,1017.0,-1.2
773,779, 6,     , ,10.04,8.31,11.91,5.51,10.39,147.0,240.0,7.38,65.2,22.0,171.0,24.3,11.35,9.91,378.0,0.5
774,780, 9,Im   ,N,21.002,12.2,14.68,10.5,13.26,70.0,502.0,4.81,4.06,87.0,30.0,22.9,8.64,8.39,281.0,0.2
775,781, 8,     , ,13.0,11.48,15.47,9.48,12.52,39.0,288.0,7.2,10.09,26.0,34.0,23.5,9.12,9.04,424.0,2.0
776,782, 9,Im   ,N,14.97,14.19,17.04,11.79,13.48,53.0,312.0,7.7,4.57,46.0,31.0,24.3,8.71,8.71,451.0,1.4
777,783,10,Ir   ,L,18.24,17.5,24.25,14.55,16.67,17.0,63.0,2.14,0.47,38.0,4.0,25.5,5.96,6.32,127.0,-0.8
778,784, 3,     , ,22.422000000000004,12.12,14.33,5.28,10.7,251.0,434.0,4.2,20.28,69.0,121.0,22.2,10.54,9.3,189.0,-0.3
779,785,10,Ir   ,N,17.38,16.1,19.92,13.7,15.64,38.0,320.0,7.2,2.28,90.0,14.0,24.9,7.71,7.79,473.0,1.0
780,786,10,Ir   ,N,16.4,14.38,20.61,12.46,14.89,31.0,160.0,2.2,1.1,46.0,13.0,24.1,7.33,7.06,180.0,-0.8
781,787,-2,Sph  ,L,23.0,18.0,23.458,13.76,17.8,28.2,586.2,8.0,1.35,41.0,14.4,25.3,7.182,7.02,551.6,-1.3
782,788, 7,     , ,13.17,11.2,15.41,9.5,12.56,145.0,303.0,5.7,9.74,51.0,81.0,23.5,9.87,8.82,457.0,-0.5
783,789, 9,Im   ,N,14.92,13.1,17.67,10.72,14.28,45.0,150.0,2.74,1.92,30.0,36.0,23.6,8.47,7.5,263.0,-0.7
784,790,10,Ir   ,L,21.002,15.2,20.87,12.34,14.16,46.0,391.0,3.58,2.11,90.0,19.0,24.8,7.94,7.78,177.0,0.5
785,791,10,Tr   ,L,23.0,18.43,25.37,15.78,20.2,26.2,454.8,9.0,1.44,64.0,9.2,25.4,7.0,6.16,493.6,-1.4
786,792,10,Ir   ,N,22.874000000000002,16.33,19.16,12.96,15.2,46.0,620.0,5.8,0.91,81.0,19.0,22.5,7.58,7.78,403.0,-0.6
787,793, 8,     , ,16.81,14.52,21.03,11.87,15.08,86.0,218.0,8.02,4.83,71.0,40.0,24.7,8.94,8.11,381.0,0.0
788,794, 9,BCD  ,H,17.48,16.41,17.61,14.01,19.46,32.0,583.0,9.2,1.19,47.0,14.0,23.2,7.44,6.48,677.0,-0.8
789,795,10,Ir   ,L,22.887999999999998,20.5,25.026,12.93,15.87,52.0,672.0,6.02,1.79,57.0,26.0,23.5,8.15,7.54,440.0,-0.8
790,796,10,Ir   ,N,23.128,14.79,18.73,12.27,16.95,42.0,631.0,5.88,3.06,72.0,17.0,24.0,8.04,7.09,429.0,-0.6
791,797, 7,     , ,22.407999999999998,12.9,23.934,9.79,11.79,185.0,1050.0,9.9,14.39,44.0,118.0,23.5,10.36,9.61,851.0,-1.6
792,798,10,Ir   ,N,22.694,13.82,15.91,9.44,12.86,61.0,588.0,6.49,6.3,26.0,61.0,23.9,9.43,8.81,389.0,-1.0
793,799, 9,BCD  ,N,15.99,14.35,18.46,11.74,15.42,66.0,608.0,7.4,2.56,74.0,30.0,23.3,8.42,7.9,745.0,-0.5
794,800,-3,Sph  ,X,23.0,11.9,24.386000000000003,7.67,13.41,131.8,-255.0,0.06,0.53,90.0,66.4,27.8,8.436,4.52,-52.0,3.2
795,801, 7,     , ,21.145999999999997,11.7,15.39,8.36,12.26,170.0,524.0,3.09,14.06,90.0,74.0,24.5,9.96,8.41,337.0,-0.1
796,802,10,Ir   ,L,22.962,19.5,24.706,14.64,15.42,39.0,605.0,5.68,0.732,45.2,30.8,25.240000000000002,8.196000000000002,7.67,415.0,-0.7
797,803,10,Ir   ,N,16.62,15.4,19.06,12.9,15.1,49.0,423.0,7.3,3.58,61.0,23.0,25.0,8.35,8.02,638.0,-0.9
798,804,-1,Sph  ,L,23.242,17.0,22.96,12.86,19.9,49.0,-79.0,1.86,0.59,63.0,22.0,25.8,7.95,4.91,128.0,-0.6
799,805, 6,     , ,22.662,12.23,16.61,8.37,13.2,138.0,603.0,6.4,7.76,73.0,63.0,22.7,9.55,8.66,418.0,-1.1
800,806,-3,Sph  ,X,23.0,15.0,24.386000000000003,10.66,19.88,83.0,45.0,0.15,0.6,90.0,38.0,29.1,8.580000000000002,2.72,141.0,2.2
801,807,10,Ir   ,L,18.57,16.8,22.48,14.31,16.28,29.0,443.0,10.6,4.07,40.0,12.0,25.9,7.85,7.87,687.0,-0.9
802,808,-3,Sph  ,X,23.0,10.9,24.802,6.69,19.88,131.8,-296.0,0.08,0.84,59.0,66.4,27.2,8.436000000000002,2.19,-51.0,2.9
803,809, 4,     , ,21.534000000000002,-4.6,23.786,12.268,-3.35,440.0,0.0,0.01,1.934,71.4,161.4,26.04,10.766,9.47,-65.0,2.9
804,810, 9,BCD  ,N,13.02,11.74,13.81,8.53,12.27,86.0,302.0,2.44,2.09,65.0,41.0,22.4,8.62,8.2,139.0,-0.7
805,811, 6,     , ,13.45,10.86,14.03,7.3,12.67,196.0,51.0,5.27,10.72,73.0,91.0,23.1,10.01,8.71,309.0,-0.8
806,812, 8,     , ,14.18,12.51,15.53,9.56,13.67,46.0,739.0,7.94,9.23,39.0,29.0,23.8,8.96,8.66,580.0,0.2
807,813, 0,     , ,22.618000000000002,11.31,24.158,7.05,17.0,93.0,866.0,8.7,10.45,55.0,49.0,22.7,9.47,7.41,720.0,0.6
808,814,-3,Sph  ,X,22.548,4.5,24.386000000000003,-0.2,17.36,88.6,140.0,0.02,3.08,90.0,44.6,26.1,8.86,1.99,159.0,5.3
809,815,10,Ir   ,L,17.55,15.63,24.006,12.95,14.27,38.0,797.0,6.7,3.07,55.0,17.0,24.9,8.03,8.28,654.0,-0.7
810,816,10,Ir   ,L,23.53,17.7,24.029999999999998,15.17,18.663999999999998,28.4,725.6,8.3,1.37,39.0,11.4,24.9,7.064,6.88,619.4,3.8
811,817, 9,BCD  ,N,16.64,15.6,17.48,12.8,18.637999999999998,72.2,69.0,4.73,1.2,52.0,44.8,23.4,8.544,6.268,345.0,-0.5
812,818,10,Ir   ,N,15.99,15.1,19.426,12.58,15.09,81.8,392.6,8.3,4.41,90.0,35.4,24.9,8.782,8.094,407.2,4.7
813,819, 4,     , ,11.47,9.14,13.09,5.94,9.95,323.0,841.0,8.3,52.75,51.0,191.0,24.0,11.35,10.19,706.0,2.0
814,820,10,Ir   ,L,17.57,14.96,20.36,12.46,14.6,70.0,750.0,8.3,4.37,58.0,36.0,24.7,8.81,8.33,614.0,3.5
815,821,10,Ir   ,L,19.59,17.9,23.009999999999998,15.39,17.974,30.4,667.4,8.3,1.36,47.0,11.4,25.1,6.953999999999999,7.078,614.6,4.0
816,822, 9,BCD  ,H,16.79,13.76,18.24,11.2,17.4,50.6,-140.0,3.63,1.58,45.0,22.0,23.0,7.869999999999999,6.49,145.0,-0.8
817,823,10,Ir   ,L,15.89,14.12,19.36,12.13,13.58,28.0,-79.0,1.04,0.97,50.0,9.0,24.8,6.98,6.94,21.0,-0.2
818,824, 9,BCD  ,N,15.53,14.5,17.04,12.11,13.92,78.0,877.0,7.3,4.01,66.0,37.0,24.0,8.8,8.49,740.0,-0.2
819,825,10,Ir   ,N,12.04,9.31,12.71,6.0,8.94,80.0,-57.0,0.5,3.44,33.0,64.0,23.8,9.22,8.15,64.0,0.6
820,826, 9,BCD  ,N,22.766,16.9,24.098000000000003,13.54,17.47,28.0,279.0,7.13,0.79,24.0,17.0,22.3,7.44,7.05,521.0,-1.9
821,827,10,Ir   ,N,19.96,17.06,24.386000000000003,13.3,15.12,52.0,435.0,7.83,2.65,87.0,22.0,24.7,8.17,8.07,478.0,-1.8
822,828, 8,     , ,15.55,13.97,17.48,10.98,13.91,122.0,814.0,9.8,8.94,83.0,53.0,24.7,9.47,8.75,701.0,-0.8
823,829,10,Ir   ,L,21.146,15.9,20.2,12.3,14.0,96.0,126.0,5.89,4.71,90.0,42.0,25.4,8.98,8.27,429.0,3.5
824,830,10,Ir   ,L,23.128,16.5,20.13,12.98,14.56,52.0,130.0,5.89,3.48,72.0,23.0,25.4,8.32,8.05,433.0,3.6
825,831,10,Ir   ,L,23.176,16.7,20.85,12.57,17.07,28.0,138.0,5.89,2.33,9.0,45.0,24.1,8.73,7.04,441.0,3.1
826,832, 6,     , ,13.16,9.61,12.53,5.37,9.99,169.0,51.0,5.89,34.68,32.0,138.0,23.2,10.89,9.88,355.0,1.0
827,833,10,Ir   ,N,23.012,17.0,19.66,11.96,15.6,37.0,32.0,5.89,1.92,55.0,17.0,22.9,7.79,7.63,337.0,2.4
828,834,10,Ir   ,L,16.96,14.0,22.23,11.29,14.64,19.0,-140.0,0.94,0.73,72.0,3.0,24.6,5.77,6.42,11.0,0.0
829,835,10,Ir   ,L,23.326,17.6,21.36,12.38,15.57,10.0,-43.0,5.89,2.35,58.0,3.0,23.8,6.38,7.64,264.0,1.7
830,836, 8,     , ,23.009999999999998,15.4,19.31,9.05,12.1,90.0,33.0,6.0,12.32,61.0,45.0,24.2,9.46,9.05,342.0,1.0
831,837, 7,     , ,14.35,11.68,15.76,8.88,12.51,174.0,584.0,6.03,13.81,90.0,76.0,23.9,9.97,8.89,440.0,-1.1
832,838, 8,     , ,23.05,15.7,18.25,9.57,18.34,63.0,-3.0,5.89,8.87,53.0,34.0,24.0,9.07,6.368,307.0,1.8
833,839,10,Ir   ,L,22.678,18.0,19.05,11.47,18.34,50.0,-14.0,5.9,3.22,52.0,25.6,23.4,8.286,6.368,296.0,2.5
834,840,-3,Sph  ,N,23.0,15.9,23.456,11.43,18.788,18.4,-32.8,0.02,0.01,58.0,4.0,24.9,6.232,5.356,70.8,5.0
835,841, 6,     , ,14.29,11.33,14.91,8.16,12.57,205.0,850.0,6.7,19.03,89.0,91.0,24.1,10.26,8.96,784.0,-1.3
836,842, 9,BCD  ,N,12.54,11.03,15.91,7.97,12.26,85.0,122.0,1.97,4.07,60.0,43.0,23.8,8.94,8.02,73.0,-0.7
837,843, 6,     , ,13.28,11.3,15.44,8.0,12.48,195.0,915.0,8.8,21.85,64.0,95.0,24.2,10.36,9.23,893.0,0.0
838,844,10,Ir   ,L,16.56,14.7,19.06,12.28,14.47,83.0,706.0,7.8,6.98,57.0,43.0,25.7,9.18,8.33,671.0,-0.9
839,845,10,Ir   ,L,17.37,16.37,24.698,13.97,16.94,51.0,843.0,8.8,2.3,27.0,46.0,24.7,8.76,7.45,822.0,2.4
840,847,-3,Tr   ,L,20.02,16.3,21.722,12.15,18.2,26.8,233.6,2.0,0.98,90.0,10.0,26.0,6.906000000000001,5.65,257.8,-0.5
841,848,-1,Tr   ,L,22.04,15.7,24.386000000000003,11.47,20.1,97.6,194.0,0.88,0.73,90.0,47.8,26.5,8.806000000000001,4.18,73.0,0.0
842,849,-3,Sph  ,X,22.68,17.2,24.442,12.84,18.8,23.6,-168.0,0.18,0.1,59.0,6.6,27.0,6.587999999999999,5.502,35.6,1.9
843,850, 6,     , ,14.25,12.53,24.386000000000003,9.65,13.83,183.0,1057.0,10.1,15.2,90.0,80.0,24.1,10.06,8.81,1056.0,-1.6
844,851,-3,Sph  ,X,23.0,21.4,25.136000000000003,17.25,18.718,89.2,674.0,8.32,0.24,54.0,40.8,25.0,8.796,6.418000000000001,661.0,-1.0
845,852, 5,     , ,21.145999999999997,11.61,15.26,8.6,11.55,238.0,369.0,7.9,24.98,90.0,107.0,24.1,10.52,9.51,668.0,0.9
846,853, 8,     , ,22.616,14.11,17.01,10.89,14.91,90.0,425.0,7.9,4.87,35.0,68.0,23.7,9.41,8.16,723.0,1.8
847,854,10,Ir   ,N,15.43,13.89,20.17,11.04,14.44,35.0,62.0,2.18,1.36,41.0,19.0,24.1,7.74,7.23,99.0,-0.2
848,855,-3,Sph  ,L,23.0,13.65,24.11,8.79,16.34,131.8,-307.0,0.79,0.89,36.0,66.4,24.4,8.436,5.6,-5.0,1.8
849,856, 7,     , ,15.75,14.69,17.69,11.78,14.87,69.0,691.0,7.6,4.1,72.0,31.0,24.6,8.67,8.15,701.0,0.3
850,857,10,Ir   ,L,16.27,13.21,19.81,9.87,13.9,23.0,-184.0,0.76,1.26,68.0,3.0,25.3,6.03,6.53,60.0,1.0
851,858, 8,     , ,15.76,12.84,16.81,9.6,13.23,117.0,424.0,9.7,16.8,35.0,88.0,24.7,10.18,9.01,720.0,-1.5
852,859, 7,     , ,12.62,11.0,14.63,8.7,12.33,102.0,701.0,7.8,19.05,30.0,89.0,24.1,10.24,9.18,716.0,0.3
853,860,10,Ir   ,N,22.588,16.64,24.93,14.23,17.26,29.0,615.0,7.8,1.3,65.0,9.0,24.0,7.06,7.21,623.0,1.6
854,861, 6,     , ,22.422,11.49,15.08,9.19,13.44,182.0,692.0,7.8,15.03,68.0,86.0,23.8,10.11,8.74,696.0,0.5
855,862, 7,     , ,16.95,14.81,18.43,11.5,15.21,95.0,295.0,12.2,6.49,63.0,46.0,24.4,9.21,8.42,574.0,-1.4
856,863, 8,     , ,14.97,13.6,17.51,11.42,13.47,94.0,267.0,4.27,7.35,90.0,41.0,26.0,9.16,8.2,300.0,0.2
857,864,10,Ir   ,L,18.21,16.7,20.08,13.82,16.66,21.0,-132.0,2.45,0.82,67.0,3.0,25.1,5.85,6.45,156.0,-0.4
858,865,10,Ir   ,L,16.37,14.81,19.29,12.41,14.54,85.0,647.0,11.5,7.45,90.0,37.0,25.1,9.07,8.64,647.0,-1.9
859,866,-3,Sph  ,L,23.0,14.17,24.43,9.81,19.85,131.8,-345.0,0.82,1.0,73.0,66.4,25.7,8.436,4.21,-84.0,1.5
860,867,10,Ir   ,N,15.78,15.05,18.65,12.65,15.32,48.0,574.0,5.9,4.27,90.0,20.0,25.6,8.28,7.75,498.0,-1.2
861,868,-3,Sph  ,X,23.0,15.8,24.236,11.33,19.82,131.8,-361.0,0.86,1.53,45.0,66.4,28.0,8.436,5.606,-73.0,2.2
862,869, 6,     , ,11.28,9.72,12.86,6.85,11.87,172.0,227.0,3.91,16.09,48.0,101.0,23.9,10.28,8.77,250.0,0.2
863,870,-2,Sph  ,X,23.0,17.0,24.442,12.72,19.08,29.2,-168.0,0.73,0.59,60.0,6.6,27.7,6.525999999999999,5.522,35.6,2.0
